Lens ID,Title,Date Published,Publication Year,Publication Type,Source Title,ISSNs,Publisher,Source Country,Author/s,Abstract,Volume,Issue Number,Start Page,End Page,Fields of Study,Keywords,MeSH Terms,Chemicals,Funding,Source URLs,External URL,PMID,DOI,Microsoft Academic ID,PMCID,Patent Citation Count,References,Scholarly Citation Count
001-293-329-888-964,F. Bartelt: Authority lists for the assignment of subject headings (I. Dahlberg),,1979,journal article,KNOWLEDGE ORGANIZATION,09437444,Nomos Verlag,,,,6,3,187,187,,,,,,,http://dx.doi.org/10.5771/0943-7444-1979-3-187,,10.5771/0943-7444-1979-3-187,,,0,,0
001-763-825-075-165,Studien zur allgemeinen Ordnungslehre. I,,1974,journal article,Knowledge Organization,09437444,International Society for Knowledge Organization,Germany,Alwin Diemer,,1,2,61,68,,,,,,http://dx.doi.org/10.5771/0943-7444-1974-2-61,http://dx.doi.org/10.5771/0943-7444-1974-2-61,,10.5771/0943-7444-1974-2-61,2892327173,,0,,0
001-798-785-843-501,Deutscher Dokumentartag 1977. („Intentions and methods of indexing“) (O. Sechser),,1978,journal article,KNOWLEDGE ORGANIZATION,09437444,Nomos Verlag,,,,5,3,178,179,,,,,,,http://dx.doi.org/10.5771/0943-7444-1978-3-178,,10.5771/0943-7444-1978-3-178,,,0,,0
006-385-209-392-26X,Lancaster: Vocabulary Control ... (D. Soergel),,1975,journal article,KNOWLEDGE ORGANIZATION,09437444,Nomos Verlag,,,,2,1,51,54,,,,,,,http://dx.doi.org/10.5771/0943-7444-1975-1-51,,10.5771/0943-7444-1975-1-51,,,0,,0
006-620-125-685-134,Citation codes in classification and terminology,,1978,journal article,Knowledge Organization,09437444,International Society for Knowledge Organization,Germany,Ingetraut Dahlberg,,5,2,91,92,Artificial intelligence; Natural language processing; Citation; Computer science; Terminology,,,,,http://dx.doi.org/10.5771/0943-7444-1978-2-91,http://dx.doi.org/10.5771/0943-7444-1978-2-91,,10.5771/0943-7444-1978-2-91,2892007375,,0,,0
006-737-212-635-919,"Bausch, K.-J., Schewe, W. H. U., Spiegel, H.-R.: Fachsprachen (I. Dahlberg)",,1976,journal article,KNOWLEDGE ORGANIZATION,09437444,Nomos Verlag,,,,3,2,115,115,,,,,,,http://dx.doi.org/10.5771/0943-7444-1976-2-115,,10.5771/0943-7444-1976-2-115,,,0,,0
008-450-103-625-935,Titelei/Inhaltsverzeichnis,,1979,journal article,KNOWLEDGE ORGANIZATION,09437444,Nomos Verlag,,,,6,3,I,III,,,,,,,http://dx.doi.org/10.5771/0943-7444-1979-3-i,,10.5771/0943-7444-1979-3-i,,,0,,0
009-404-435-531-563,Infoterm News,,1979,journal article,KNOWLEDGE ORGANIZATION,09437444,Nomos Verlag,,,,6,3,181,183,,,,,,,http://dx.doi.org/10.5771/0943-7444-1979-3-181,,10.5771/0943-7444-1979-3-181,,,0,,0
010-128-737-474-338,Book Reviews,,1974,journal article,KNOWLEDGE ORGANIZATION,09437444,Nomos Verlag,,,,1,2,101,108,,,,,,,http://dx.doi.org/10.5771/0943-7444-1974-2-101,,10.5771/0943-7444-1974-2-101,,,0,,0
010-499-038-468-337,Titelei/Inhaltsverzeichnis,,1978,journal article,KNOWLEDGE ORGANIZATION,09437444,Nomos Verlag,,,,5,2,I,III,,,,,,,http://dx.doi.org/10.5771/0943-7444-1978-2-i,,10.5771/0943-7444-1978-2-i,,,0,,0
010-659-997-017-54X,Compilation of Thesaurus and Total Index of „Nihon Kagaku-Gijutsu-Shi Takei“ and Analysis of its Documents,,1975,journal article,Knowledge Organization,09437444,International Society for Knowledge Organization,Germany,Tetsuo Tomita; Kazutoshi Hattori,,2,1,11,21,Library science; History,,,,,http://dx.doi.org/10.5771/0943-7444-1975-1-11,http://dx.doi.org/10.5771/0943-7444-1975-1-11,,10.5771/0943-7444-1975-1-11,2891979074,,0,,0
011-567-847-261-713,Development of a Broad System of Ordering for UNISIST Purposes,,1974,journal article,Knowledge Organization,09437444,International Society for Knowledge Organization,Germany,Vladimir Rybatchenkov,,1,1,20,21,Systems engineering; Computer science,,,,,http://dx.doi.org/10.5771/0943-7444-1974-1-20,http://dx.doi.org/10.5771/0943-7444-1974-1-20,,10.5771/0943-7444-1974-1-20,2891192308,,0,,0
011-743-923-913-518,What is your opinion?,,1976,journal article,KNOWLEDGE ORGANIZATION,09437444,Nomos Verlag,,,,3,2,65,65,,,,,,,http://dx.doi.org/10.5771/0943-7444-1976-2-65,,10.5771/0943-7444-1976-2-65,,,0,,0
012-238-904-088-179,"Dewey, die Klassifikationen und das semantische Universum (Dewey, classification schemes and the semantic universe)",,1976,journal article,Knowledge Organization,09437444,International Society for Knowledge Organization,Germany,Francesco s. Chiapetti; Alfredo Serrai,,3,1,7,10,Dewey Decimal Classification; Philosophy; Linguistics; Universe,,,,,http://dx.doi.org/10.5771/0943-7444-1976-1-7,http://dx.doi.org/10.5771/0943-7444-1976-1-7,,10.5771/0943-7444-1976-1-7,2891990692,,0,,0
014-485-455-613-943,Towards a geometry of basic concepts,,1979,journal article,Knowledge Organization,09437444,International Society for Knowledge Organization,Germany,Wolfgang Dahlberg,,6,2,73,84,Geometry; Computer science,,,,,http://dx.doi.org/10.5771/0943-7444-1979-2-73,http://dx.doi.org/10.5771/0943-7444-1979-2-73,,10.5771/0943-7444-1979-2-73,2891590080,,0,,0
014-714-271-270-153,Consistency of use of the International Patent Classification,,1978,journal article,Knowledge Organization,09437444,International Society for Knowledge Organization,Germany,Anne M. Carpenter; Meriel Jones; Charles Oppenheim,,5,1,30,32,Information retrieval; International Patent Classification; Computer science,,,,,http://dx.doi.org/10.5771/0943-7444-1978-1-30,http://dx.doi.org/10.5771/0943-7444-1978-1-30,,10.5771/0943-7444-1978-1-30,2890336553,,0,,3
014-913-872-209-86X,Reports and Communications,,1975,journal article,KNOWLEDGE ORGANIZATION,09437444,Nomos Verlag,,,,2,1,37,48,,,,,,,http://dx.doi.org/10.5771/0943-7444-1975-1-37,,10.5771/0943-7444-1975-1-37,,,0,,0
015-888-927-937-560,A test of relational indexing integrity by conversion to a permuted alphabetical index,,1977,journal article,Knowledge Organization,09437444,International Society for Knowledge Organization,Germany,Jason Farradane; Peter Gulutzan,,4,1,20,25,Information retrieval; Computer science; Search engine indexing,,,,,http://dx.doi.org/10.5771/0943-7444-1977-1-20,http://dx.doi.org/10.5771/0943-7444-1977-1-20,,10.5771/0943-7444-1977-1-20,65704696,,0,,8
017-449-239-685-708,"Maltby, A. (Ed.): Classification in the 1970’s ... (by J. M. Perreault)",,1974,journal article,KNOWLEDGE ORGANIZATION,09437444,Nomos Verlag,,,,1,1,47,48,,,,,,,http://dx.doi.org/10.5771/0943-7444-1974-1-47,,10.5771/0943-7444-1974-1-47,,,0,,0
017-543-305-231-386,Classification and their keys,,1978,journal article,Knowledge Organization,09437444,International Society for Knowledge Organization,Germany,Donald J. McDonell,,5,1,3,7,Information retrieval; Key (lock); Computer science,,,,,http://dx.doi.org/10.5771/0943-7444-1978-1-3,http://dx.doi.org/10.5771/0943-7444-1978-1-3,,10.5771/0943-7444-1978-1-3,2891876747,,0,,1
019-561-051-871-413,Language Problems,,1974,journal article,KNOWLEDGE ORGANIZATION,09437444,Nomos Verlag,,Heinrich Kaiser,,1,2,87,89,,,,,,,http://dx.doi.org/10.5771/0943-7444-1974-2-87,,10.5771/0943-7444-1974-2-87,,,0,,0
019-697-828-374-241,Dictionary of Reprography (R. Agte),,1976,journal article,KNOWLEDGE ORGANIZATION,09437444,Nomos Verlag,,,,3,2,114,114,,,,,,,http://dx.doi.org/10.5771/0943-7444-1976-2-114,,10.5771/0943-7444-1976-2-114,,,0,,0
020-038-719-127-192,"Schneider, K.: Computer aided subject index system for the life sciences (G. Lambert)",,1976,journal article,KNOWLEDGE ORGANIZATION,09437444,Nomos Verlag,,,,3,2,112,113,,,,,,,http://dx.doi.org/10.5771/0943-7444-1976-2-112,,10.5771/0943-7444-1976-2-112,,,0,,0
020-219-842-073-516,Library of Congrcss Subject Headings: a new manual,,1979,journal article,Knowledge Organization,09437444,International Society for Knowledge Organization,Germany,Jean M. Perreault,,6,3,158,169,Engineering; Library science,,,,,http://dx.doi.org/10.5771/0943-7444-1979-3-158,http://dx.doi.org/10.5771/0943-7444-1979-3-158,,10.5771/0943-7444-1979-3-158,2889595787,,0,,0
021-129-702-443-041,Terminology Corner: Concerning thesaurus terminology,,1975,journal article,KNOWLEDGE ORGANIZATION,09437444,Nomos Verlag,,,,2,2,111,112,,,,,,,http://dx.doi.org/10.5771/0943-7444-1975-2-111,,10.5771/0943-7444-1975-2-111,,,0,,0
021-202-965-087-235,Free or controlled vocabularies,,1978,journal article,Knowledge Organization,09437444,International Society for Knowledge Organization,Germany,Rolf G. Henzler,,5,1,21,26,Controlled vocabulary; Artificial intelligence; Natural language processing; Computer science,,,,,http://dx.doi.org/10.5771/0943-7444-1978-1-21,http://dx.doi.org/10.5771/0943-7444-1978-1-21,,10.5771/0943-7444-1978-1-21,2891592819,,0,,13
021-438-792-587-733,Versuche zur Erstellung eines Warenthesaurus (Attempts towards the construction of a commodity thesaurus),,1976,journal article,Knowledge Organization,09437444,International Society for Knowledge Organization,Germany,Josef Hölzl,,3,1,23,32,Business; Commodity; Commerce,,,,,http://dx.doi.org/10.5771/0943-7444-1976-1-23,http://dx.doi.org/10.5771/0943-7444-1976-1-23,,10.5771/0943-7444-1976-1-23,2892011611,,0,,0
022-106-749-701-575,Retrieval tests on five classification schemes,,1978,journal article,Knowledge Organization,09437444,International Society for Knowledge Organization,Germany,Anne M. Carpenter; Meriel Jones; Charles Oppenheim,,5,2,73,80,Classification scheme; Artificial intelligence; Pattern recognition; Computer science,,,,,http://dx.doi.org/10.5771/0943-7444-1978-2-73,http://dx.doi.org/10.5771/0943-7444-1978-2-73,,10.5771/0943-7444-1978-2-73,2892090109,,0,,2
022-352-180-294-357,"Classification Literature 5 (1978) No. 1, Nos. 3083–3461",,1978,journal article,KNOWLEDGE ORGANIZATION,09437444,Nomos Verlag,,,,5,1,47,62,,,,,,,http://dx.doi.org/10.5771/0943-7444-1978-1-47,,10.5771/0943-7444-1978-1-47,,,0,,0
023-331-658-993-67X,Automatic production of indexes from schedules,,1975,journal article,Knowledge Organization,09437444,International Society for Knowledge Organization,Germany,Yukio Nakamura,,2,2,81,88,Computer science; Operations research; Schedule,,,,,http://dx.doi.org/10.5771/0943-7444-1975-2-81,http://dx.doi.org/10.5771/0943-7444-1975-2-81,,10.5771/0943-7444-1975-2-81,2892048249,,0,,0
023-775-226-843-181,Gekeler/Herdt/Oberender: Warenkatalogisierung und Kommunikation über die Ware. (H. Körner),,1975,journal article,KNOWLEDGE ORGANIZATION,09437444,Nomos Verlag,,,,2,2,114,116,,,,,,,http://dx.doi.org/10.5771/0943-7444-1975-2-114,,10.5771/0943-7444-1975-2-114,,,0,,0
024-841-088-905-573,"Borko, H., Bernier, C. L.: Abstracting concepts and methods (Dahlberg)",,1977,journal article,KNOWLEDGE ORGANIZATION,09437444,Nomos Verlag,,,,4,1,50,50,,,,,,,http://dx.doi.org/10.5771/0943-7444-1977-1-50,,10.5771/0943-7444-1977-1-50,,,0,,0
026-656-751-389-201,Automatic and Semi-Automatic Methods as an Aid in the Construction of Indexing Languages and Thesauri,,1974,journal article,Knowledge Organization,09437444,International Society for Knowledge Organization,Germany,Dagobert Soergel,,1,1,34,39,Artificial intelligence; Natural language processing; Semi automatic; Computer science; Search engine indexing,,,,,http://dx.doi.org/10.5771/0943-7444-1974-1-34,http://dx.doi.org/10.5771/0943-7444-1974-1-34,,10.5771/0943-7444-1974-1-34,2890283301,,0,,9
028-126-124-997-587,Reports and Communications,,1976,journal article,KNOWLEDGE ORGANIZATION,09437444,Nomos Verlag,,,,3,1,33,36,,,,,,,http://dx.doi.org/10.5771/0943-7444-1976-1-33,,10.5771/0943-7444-1976-1-33,,,0,,0
028-486-943-455-748,J. Aitchison (Comp.): Unesco Thesaurus (I. Dahlberg),,1979,journal article,KNOWLEDGE ORGANIZATION,09437444,Nomos Verlag,,,,6,3,184,184,,,,,,,http://dx.doi.org/10.5771/0943-7444-1979-3-184,,10.5771/0943-7444-1979-3-184,,,0,,0
029-712-691-142-17X,Syntactic tools and semantic power of information languages,,1976,journal article,Knowledge Organization,09437444,International Society for Knowledge Organization,Germany,N. A. Stokolova,,3,2,75,81,Artificial intelligence; Natural language processing; Computer science; Syntax,,,,,http://dx.doi.org/10.5771/0943-7444-1976-2-75,http://dx.doi.org/10.5771/0943-7444-1976-2-75,,10.5771/0943-7444-1976-2-75,2890346658,,0,,1
029-727-516-111-140,FID: Cumulated UDC Supplement 1965 – 1975. Vols. I – V (I. Dahlberg),,1976,journal article,KNOWLEDGE ORGANIZATION,09437444,Nomos Verlag,,,,3,1,45,46,,,,,,,http://dx.doi.org/10.5771/0943-7444-1976-1-45-1,,10.5771/0943-7444-1976-1-45-1,,,0,,0
029-945-829-685-749,Structural dynamics of scientific literature,,1976,journal article,KNOWLEDGE ORGANIZATION,09437444,Nomos Verlag,,Henry G. Small,,3,2,67,74,,,,,,,http://dx.doi.org/10.5771/0943-7444-1976-2-67,,10.5771/0943-7444-1976-2-67,,,0,,0
030-427-498-025-118,"Representation, comprehension and communication of sets: the role of number. I. (Sect. 1–6.1)",,1978,journal article,Knowledge Organization,09437444,International Society for Knowledge Organization,Germany,Anthony J. N. Judge,,5,3,126,133,Psychology; Sect; Linguistics; Comprehension,,,,,http://dx.doi.org/10.5771/0943-7444-1978-3-126,http://dx.doi.org/10.5771/0943-7444-1978-3-126,,10.5771/0943-7444-1978-3-126,2892188980,,0,,0
030-678-547-068-795,The UNISIST Draft on Indexing Principles. Text,,1977,journal article,KNOWLEDGE ORGANIZATION,09437444,Nomos Verlag,,,,4,1,29,34,,,,,,,http://dx.doi.org/10.5771/0943-7444-1977-1-29,,10.5771/0943-7444-1977-1-29,,,0,,0
032-324-804-006-419,Reverse retrieval: toward analogy inferences by mechanised classification,,1979,journal article,Knowledge Organization,09437444,International Society for Knowledge Organization,Germany,Robert Fugmann; Jakob Hermann Winter,,6,2,85,91,Artificial intelligence; Natural language processing; Computer science; Analogy,,,,,http://dx.doi.org/10.5771/0943-7444-1979-2-85,http://dx.doi.org/10.5771/0943-7444-1979-2-85,,10.5771/0943-7444-1979-2-85,2891082144,,0,,0
032-366-489-829-540,Titelei/Inhaltsverzeichnis,,1974,journal article,KNOWLEDGE ORGANIZATION,09437444,Nomos Verlag,,,,1,1,I,III,,,,,,,http://dx.doi.org/10.5771/0943-7444-1974-1-i,,10.5771/0943-7444-1974-1-i,,,0,,0
032-528-968-803-566,Terminology Corner,,1976,journal article,KNOWLEDGE ORGANIZATION,09437444,Nomos Verlag,,,,3,1,37,39,,,,,,,http://dx.doi.org/10.5771/0943-7444-1976-1-37,,10.5771/0943-7444-1976-1-37,,,0,,0
032-536-923-569-956,Semantischer Bereich und Sachverhaltsbeschreibung von Dokumenteninhalten (Semantic field and subject description of document contents),,1976,journal article,Knowledge Organization,09437444,International Society for Knowledge Organization,Germany,Siegfried Reball,,3,1,18,22,Artificial intelligence; Natural language processing; Semantic field; Computer science,,,,,http://dx.doi.org/10.5771/0943-7444-1976-1-18,http://dx.doi.org/10.5771/0943-7444-1976-1-18,,10.5771/0943-7444-1976-1-18,2890183736,,0,,1
034-129-217-540-19X,"Hutchins, W. J.: Languages of indexing and classification (M. A. Gopinath)",,1976,journal article,KNOWLEDGE ORGANIZATION,09437444,Nomos Verlag,,,,3,1,46,46,,,,,,,http://dx.doi.org/10.5771/0943-7444-1976-1-46,,10.5771/0943-7444-1976-1-46,,,0,,0
034-136-004-366-20X,Struktur und Kompatibilität des Thesaurus der Medizin (Structure and compatibility of the Thesaurus of Medicine),,1976,journal article,Knowledge Organization,09437444,International Society for Knowledge Organization,Germany,W.-W. Höpker,,3,2,81,84,Engineering; Information retrieval; Compatibility (mechanics),,,,,http://dx.doi.org/10.5771/0943-7444-1976-2-81,http://dx.doi.org/10.5771/0943-7444-1976-2-81,,10.5771/0943-7444-1976-2-81,2891576401,,0,,0
034-519-953-841-605,What is Classification?,,1974,journal article,KNOWLEDGE ORGANIZATION,09437444,Nomos Verlag,,,,1,2,59,59,,,,,,,http://dx.doi.org/10.5771/0943-7444-1974-2-59,,10.5771/0943-7444-1974-2-59,,,0,,0
036-275-786-792-264,N. Bolton: Concept formation (F. W. Riggs),,1979,journal article,KNOWLEDGE ORGANIZATION,09437444,Nomos Verlag,,,,6,2,125,127,,,,,,,http://dx.doi.org/10.5771/0943-7444-1979-2-125,,10.5771/0943-7444-1979-2-125,,,0,,0
036-975-896-391-549,Infoterm: International co-operation in terminology (R. Kocourek),,1976,journal article,KNOWLEDGE ORGANIZATION,09437444,Nomos Verlag,,,,3,2,111,112,,,,,,,http://dx.doi.org/10.5771/0943-7444-1976-2-111-1,,10.5771/0943-7444-1976-2-111-1,,,0,,0
036-977-900-397-599,Classification and Cognition,,1979,journal article,KNOWLEDGE ORGANIZATION,09437444,Nomos Verlag,,,,6,2,71,72,,,,,,,http://dx.doi.org/10.5771/0943-7444-1979-2-71,,10.5771/0943-7444-1979-2-71,,,0,,0
037-907-243-189-986,Classification and Standardization,,1977,journal article,KNOWLEDGE ORGANIZATION,09437444,Nomos Verlag,,,,4,1,1,1,,,,,,,http://dx.doi.org/10.5771/0943-7444-1977-1-1,,10.5771/0943-7444-1977-1-1,,,0,,0
039-410-785-285-621,Horsnell: Intermediate Lexicon for Information Science (W. v. Mach),,1975,journal article,KNOWLEDGE ORGANIZATION,09437444,Nomos Verlag,,,,2,1,56,56,,,,,,,http://dx.doi.org/10.5771/0943-7444-1975-1-56,,10.5771/0943-7444-1975-1-56,,,0,,0
040-853-340-651-703,,,1976,journal issue,KNOWLEDGE ORGANIZATION,09437444,Nomos Verlag,,,,3,2,,,,,,,,,http://dx.doi.org/10.5771/0943-7444-1976-2,,10.5771/0943-7444-1976-2,,,0,,0
041-043-118-603-622,In Memoriam–Abner L. C. Vicentini (1929/1976),,1976,journal article,KNOWLEDGE ORGANIZATION,09437444,Nomos Verlag,,,,3,2,66,66,,,,,,,http://dx.doi.org/10.5771/0943-7444-1976-2-66,,10.5771/0943-7444-1976-2-66,,,0,,0
041-129-440-000-798,Library classification systems in Denmark,,1976,journal article,Knowledge Organization,09437444,International Society for Knowledge Organization,Germany,J. B. Friis-Hansen,,3,2,91,93,Library classification; Information retrieval; Computer science,,,,,http://dx.doi.org/10.5771/0943-7444-1976-2-91,http://dx.doi.org/10.5771/0943-7444-1976-2-91,,10.5771/0943-7444-1976-2-91,2890731813,,0,,0
042-641-179-329-504,Systeme der Waren- und Aktivitätsklassifikation (Systems for the Classification of Commodities and Activities),,1974,journal article,Knowledge Organization,09437444,International Society for Knowledge Organization,Germany,Max E. Neuenschwander,,1,1,32,33,Political science; Agricultural science,,,,,http://dx.doi.org/10.5771/0943-7444-1974-1-32,http://dx.doi.org/10.5771/0943-7444-1974-1-32,,10.5771/0943-7444-1974-1-32,2890923746,,0,,0
042-661-793-185-078,Titelei/Inhaltsverzeichnis,,1974,journal article,KNOWLEDGE ORGANIZATION,09437444,Nomos Verlag,,,,1,2,U1,U1,,,,,,,http://dx.doi.org/10.5771/0943-7444-1974-2-u1,,10.5771/0943-7444-1974-2-u1,,,0,,0
043-006-905-993-770,Some Aspects of a Multi-Purpose Thesaurus,,1974,journal article,Knowledge Organization,09437444,International Society for Knowledge Organization,Germany,Janos S. Petöfi,,1,2,69,76,Information retrieval; Computer science,,,,,http://dx.doi.org/10.5771/0943-7444-1974-2-69,http://dx.doi.org/10.5771/0943-7444-1974-2-69,,10.5771/0943-7444-1974-2-69,2890826592,,0,,0
044-451-379-333-722,"Van Slype, G.: Conception et gestion des systemes documentaires (Rolling)",,1978,journal article,KNOWLEDGE ORGANIZATION,09437444,Nomos Verlag,,,,5,1,45,45,,,,,,,http://dx.doi.org/10.5771/0943-7444-1978-1-45,,10.5771/0943-7444-1978-1-45,,,0,,0
044-616-041-930-223,"Settel, B.: Subject description of books (Brazier)",,1978,journal article,KNOWLEDGE ORGANIZATION,09437444,Nomos Verlag,,,,5,2,118,119,,,,,,,http://dx.doi.org/10.5771/0943-7444-1978-2-118,,10.5771/0943-7444-1978-2-118,,,0,,0
045-440-842-842-637,Facet definition: a case study,,1978,journal article,KNOWLEDGE ORGANIZATION,09437444,Nomos Verlag,Germany,Elaine Svenonius,,5,3,134,141,,,,,,,http://dx.doi.org/10.5771/0943-7444-1978-3-134,,10.5771/0943-7444-1978-3-134,,,0,,0
046-042-331-419-59X,Introducing TNC and the IERMDOK System,,1978,journal article,Knowledge Organization,09437444,International Society for Knowledge Organization,Germany,Erik Sundström,,5,2,86,90,Distributed computing; Computer science,,,,,http://dx.doi.org/10.5771/0943-7444-1978-2-86,http://dx.doi.org/10.5771/0943-7444-1978-2-86,,10.5771/0943-7444-1978-2-86,2891067411,,0,,0
047-722-760-519-615,"Wersing, G., Neveling, U.: Terminology of documentation (Farradane)",,1977,journal article,KNOWLEDGE ORGANIZATION,09437444,Nomos Verlag,,,,4,1,48,49,,,,,,,http://dx.doi.org/10.5771/0943-7444-1977-1-48,,10.5771/0943-7444-1977-1-48,,,0,,0
048-551-911-955-127,"Brown, A. G.: An introduction to subject indexing (S. Reball)",,1976,journal article,KNOWLEDGE ORGANIZATION,09437444,Nomos Verlag,,,,3,2,111,111,,,,,,,http://dx.doi.org/10.5771/0943-7444-1976-2-111,,10.5771/0943-7444-1976-2-111,,,0,,0
048-869-529-128-390,On patent categories,,1978,journal article,Knowledge Organization,09437444,International Society for Knowledge Organization,Germany,Manfred Balk,,5,2,65,72,Business; Actuarial science,,,,,http://dx.doi.org/10.5771/0943-7444-1978-2-65,http://dx.doi.org/10.5771/0943-7444-1978-2-65,,10.5771/0943-7444-1978-2-65,2889751599,,0,,0
051-643-363-276-866,Experiences with TITUS II,,1978,journal article,Knowledge Organization,09437444,International Society for Knowledge Organization,Germany,Hennann-Josef Zingel,,5,1,33,37,Computer science; Classics,,,,,http://dx.doi.org/10.5771/0943-7444-1978-1-33,http://dx.doi.org/10.5771/0943-7444-1978-1-33,,10.5771/0943-7444-1978-1-33,2889627015,,0,,1
052-405-349-644-872,Facet definition: a case study,,1978,journal article,Knowledge Organization,09437444,International Society for Knowledge Organization,Germany,Elaine Svenonius,,43,3,134,141,Facet (geometry); Calculus; Computer science,,,,,http://dx.doi.org/10.5771/0943-7444-2016-6-462,http://dx.doi.org/10.5771/0943-7444-2016-6-462,,,2799953747,,0,,4
052-648-680-562-128,"Sodeur, W.: Empirische Verfahren zur Klassifikation (F. Vogel)",,1976,journal article,KNOWLEDGE ORGANIZATION,09437444,Nomos Verlag,,,,3,2,108,108,,,,,,,http://dx.doi.org/10.5771/0943-7444-1976-2-108,,10.5771/0943-7444-1976-2-108,,,0,,0
052-989-875-867-736,"Produktbeschreibung und Merkmalsordnung, (Product Description and Ordering of Product Characteristics.)",,1975,journal article,Knowledge Organization,09437444,International Society for Knowledge Organization,Germany,Otto Gekeler,,2,1,2,10,Process engineering; Product description; Product characteristics; Computer science,,,,,http://dx.doi.org/10.5771/0943-7444-1975-1-2,http://dx.doi.org/10.5771/0943-7444-1975-1-2,,10.5771/0943-7444-1975-1-2,2891266975,,0,,0
054-814-175-312-455,Classification Planning,,1979,journal article,KNOWLEDGE ORGANIZATION,09437444,Nomos Verlag,,,,6,3,149,149,,,,,,,http://dx.doi.org/10.5771/0943-7444-1979-3-149,,10.5771/0943-7444-1979-3-149,,,0,,0
055-354-513-075-336,Overcoming the language barrier (D. Zimmermann),,1978,journal article,KNOWLEDGE ORGANIZATION,09437444,Nomos Verlag,,,,5,2,121,122,,,,,,,http://dx.doi.org/10.5771/0943-7444-1978-2-121,,10.5771/0943-7444-1978-2-121,,,0,,0
055-804-146-877-155,Soergel: Indexing Languages and Thesauri ... (F. W. Lancaster),,1975,journal article,KNOWLEDGE ORGANIZATION,09437444,Nomos Verlag,,,,2,1,54,55,,,,,,,http://dx.doi.org/10.5771/0943-7444-1975-1-54,,10.5771/0943-7444-1975-1-54,,,0,,0
058-490-024-729-744,Terminologie der Information und Dokumentation (H. Wellisch),,1976,journal article,KNOWLEDGE ORGANIZATION,09437444,Nomos Verlag,,,,3,2,109,110,,,,,,,http://dx.doi.org/10.5771/0943-7444-1976-2-109,,10.5771/0943-7444-1976-2-109,,,0,,0
059-247-622-424-824,Paradigmatic relations,,1977,journal article,KNOWLEDGE ORGANIZATION,09437444,Nomos Verlag,,N. A. Stokolova,,4,1,11,19,,,,,,,http://dx.doi.org/10.5771/0943-7444-1977-1-11,,10.5771/0943-7444-1977-1-11,,,0,,0
059-463-666-124-889,Titelei/Inhaltsverzeichnis,,1978,journal article,KNOWLEDGE ORGANIZATION,09437444,Nomos Verlag,,,,5,1,I,III,,,,,,,http://dx.doi.org/10.5771/0943-7444-1978-1-i,,10.5771/0943-7444-1978-1-i,,,0,,0
059-775-156-660-238,Das Stich- und Schlagwörterverzeichnis zur deutschen Ausgabe der Internationalen Patentklassifikation (The subject index to the German Edition of the Intern. Patent Class.),,1975,journal article,Knowledge Organization,09437444,International Society for Knowledge Organization,Germany,Gerhard Gehring,,2,2,73,80,German; Humanities; Political science,,,,,http://dx.doi.org/10.5771/0943-7444-1975-2-73,http://dx.doi.org/10.5771/0943-7444-1975-2-73,,10.5771/0943-7444-1975-2-73,2891051104,,0,,0
060-076-723-241-455,"Kuhlen, R.: Experimentelle Morphologie in der Informationswissenschaft (Gotthardt)",,1978,journal article,KNOWLEDGE ORGANIZATION,09437444,Nomos Verlag,,,,5,2,122,123,,,,,,,http://dx.doi.org/10.5771/0943-7444-1978-2-122,,10.5771/0943-7444-1978-2-122,,,0,,0
060-228-571-216-583,Letter to the Editor,,1979,journal article,KNOWLEDGE ORGANIZATION,09437444,Nomos Verlag,,,,6,3,149,149,,,,,,,http://dx.doi.org/10.5771/0943-7444-1979-3-149-1,,10.5771/0943-7444-1979-3-149-1,,,0,,0
060-552-069-439-831,Classification teaching for students of librarianship,,1979,journal article,Knowledge Organization,09437444,International Society for Knowledge Organization,Germany,Gerhard Römer,,6,2,104,108,Sociology; Library science,,,,,http://dx.doi.org/10.5771/0943-7444-1979-2-104,http://dx.doi.org/10.5771/0943-7444-1979-2-104,,10.5771/0943-7444-1979-2-104,2891684488,,0,,0
061-513-201-141-202,An Outline of International Terminological Activities,,1974,journal article,Knowledge Organization,09437444,International Society for Knowledge Organization,Germany,Helmut Felber,,1,2,89,91,Computer science; Engineering ethics,,,,,http://dx.doi.org/10.5771/0943-7444-1974-2-89,http://dx.doi.org/10.5771/0943-7444-1974-2-89,,10.5771/0943-7444-1974-2-89,2889648435,,0,,2
061-629-452-052-938,Letters to the Editor,,1975,journal article,KNOWLEDGE ORGANIZATION,09437444,Nomos Verlag,,,,2,2,72,72,,,,,,,http://dx.doi.org/10.5771/0943-7444-1975-2-72,,10.5771/0943-7444-1975-2-72,,,0,,0
061-872-743-831-755,Problems of commodity classification,,1978,journal article,Knowledge Organization,09437444,International Society for Knowledge Organization,Germany,Karl Ostarhild,,5,1,27,29,Economics; Commodity; Commerce,,,,,http://dx.doi.org/10.5771/0943-7444-1978-1-27,http://dx.doi.org/10.5771/0943-7444-1978-1-27,,10.5771/0943-7444-1978-1-27,2891238664,,0,,0
062-352-818-252-991,An automated encyclopedia – a solution of the information problem? Part I,,1977,journal article,Knowledge Organization,09437444,International Society for Knowledge Organization,Germany,Dagobert Soergel,,4,1,4,10,Encyclopedia; Information retrieval; Information problem; Computer science,,,,,http://dx.doi.org/10.5771/0943-7444-1977-1-4,http://dx.doi.org/10.5771/0943-7444-1977-1-4,,10.5771/0943-7444-1977-1-4,2890859337,,0,,2
063-114-043-921-135,Classification Literature?,,1978,journal article,KNOWLEDGE ORGANIZATION,09437444,Nomos Verlag,,,,5,2,63,64,,,,,,,http://dx.doi.org/10.5771/0943-7444-1978-2-63,,10.5771/0943-7444-1978-2-63,,,0,,0
063-152-886-668-550,"Grundke, G.: Grundriß der allgemeinen Warenkunde (O. Gekeler)",,1975,journal article,KNOWLEDGE ORGANIZATION,09437444,Nomos Verlag,,,,2,2,118,120,,,,,,,http://dx.doi.org/10.5771/0943-7444-1975-2-118-1,,10.5771/0943-7444-1975-2-118-1,,,0,,0
064-298-613-502-617,"Rigby, M.: Computers and the UDC. (K.-H. Koch)",,1975,journal article,KNOWLEDGE ORGANIZATION,09437444,Nomos Verlag,,,,2,2,118,118,,,,,,,http://dx.doi.org/10.5771/0943-7444-1975-2-118,,10.5771/0943-7444-1975-2-118,,,0,,0
064-428-434-172-184,Titelei/Inhaltsverzeichnis,,1976,journal article,KNOWLEDGE ORGANIZATION,09437444,Nomos Verlag,,,,3,1,I,I,,,,,,,http://dx.doi.org/10.5771/0943-7444-1976-1-i,,10.5771/0943-7444-1976-1-i,,,0,,0
067-674-749-225-124,Infoterm News,,1978,journal article,KNOWLEDGE ORGANIZATION,09437444,Nomos Verlag,,,,5,3,170,173,,,,,,,http://dx.doi.org/10.5771/0943-7444-1978-3-170,,10.5771/0943-7444-1978-3-170,,,0,,0
068-002-423-474-969,,,1976,journal issue,KNOWLEDGE ORGANIZATION,09437444,Nomos Verlag,,,,3,1,,,,,,,,,http://dx.doi.org/10.5771/0943-7444-1976-1,,10.5771/0943-7444-1976-1,,,0,,0
069-063-771-320-005,"D. Steinhausen, K. Langer: Clusteranalyse. (H. H. Bock)",,1979,journal article,KNOWLEDGE ORGANIZATION,09437444,Nomos Verlag,,,,6,2,127,128,,,,,,,http://dx.doi.org/10.5771/0943-7444-1979-2-127,,10.5771/0943-7444-1979-2-127,,,0,,0
070-484-308-947-173,"Späth, H.: Cluster-Analyse-Algorithmen zur Objektklassifizierung und Datenreduktion (Bock)",,1978,journal article,KNOWLEDGE ORGANIZATION,09437444,Nomos Verlag,,,,5,2,112,112,,,,,,,http://dx.doi.org/10.5771/0943-7444-1978-2-112,,10.5771/0943-7444-1978-2-112,,,0,,0
071-150-599-608-37X,Concerning the Synthesis of the Sciences,,1974,journal article,Knowledge Organization,09437444,International Society for Knowledge Organization,Germany,Bonifati M. Kedrov,,1,1,3,11,Computer science; Engineering ethics,,,,,http://dx.doi.org/10.5771/0943-7444-1974-1-3,http://dx.doi.org/10.5771/0943-7444-1974-1-3,,10.5771/0943-7444-1974-1-3,2890296078,,0,,1
071-942-205-305-313,Reports and Communications,,1977,journal article,KNOWLEDGE ORGANIZATION,09437444,Nomos Verlag,,,,4,1,35,42,,,,,,,http://dx.doi.org/10.5771/0943-7444-1977-1-35,,10.5771/0943-7444-1977-1-35,,,0,,0
072-237-811-588-803,Reports and Communications,,1979,journal article,KNOWLEDGE ORGANIZATION,09437444,Nomos Verlag,,,,6,2,109,120,,,,,,,http://dx.doi.org/10.5771/0943-7444-1979-2-109,,10.5771/0943-7444-1979-2-109,,,0,,0
072-620-605-144-066,"Representation, comprehension and communication of sets : the role of number",,1979,journal article,Knowledge Organization,09437444,International Society for Knowledge Organization,Germany,Anthony J. N. Judge,,6,2,92,103,Mathematics education; Artificial intelligence; Natural language processing; Computer science; Comprehension,,,,,http://ci.nii.ac.jp/ncid/BA53117065,http://dx.doi.org/10.5771/0943-7444-1979-2-92,,10.5771/0943-7444-1979-2-92,578502903,,0,000-387-305-241-833; 002-455-602-950-673; 007-273-152-845-343; 007-710-868-553-349; 009-795-702-644-951; 011-206-867-312-73X; 012-869-013-208-334; 015-548-969-277-74X; 025-869-401-032-993; 028-097-928-440-477; 028-630-541-573-737; 030-965-456-755-858; 035-221-980-635-780; 036-838-562-846-901; 040-881-944-830-743; 042-532-748-836-184; 045-205-375-807-76X; 054-862-400-934-645; 063-144-713-034-736; 070-368-784-598-738; 072-990-294-339-39X; 082-602-387-272-177; 084-407-684-454-988; 084-590-577-457-524; 087-136-024-543-624; 088-944-149-327-759; 092-238-912-566-187; 092-728-395-461-388; 095-186-210-416-966; 103-721-581-020-426; 116-195-013-018-891; 120-021-970-573-074; 120-987-397-344-839; 126-999-881-463-449; 127-217-387-896-115; 133-012-195-460-163; 134-203-183-229-632; 141-145-576-773-920; 156-590-598-879-70X; 159-046-054-920-364; 172-176-943-894-836; 176-935-147-396-086; 186-510-838-022-867,2
073-786-085-480-053,"Späth, H.: Fallstudien Cluster-Analyse (Bock)",,1978,journal article,KNOWLEDGE ORGANIZATION,09437444,Nomos Verlag,,,,5,2,112,113,,,,,,,http://dx.doi.org/10.5771/0943-7444-1978-2-112-1,,10.5771/0943-7444-1978-2-112-1,,,0,,0
073-873-478-292-913,"Wojciechowski, J. (Ed.): Conceptual basis of the classification of knowledge (E. Svenonius)",,1976,journal article,KNOWLEDGE ORGANIZATION,09437444,Nomos Verlag,,,,3,1,40,42,,,,,,,http://dx.doi.org/10.5771/0943-7444-1976-1-40,,10.5771/0943-7444-1976-1-40,,,0,,0
074-005-090-156-436,„Europe“: a term for many concepts,,1978,journal article,Knowledge Organization,09437444,International Society for Knowledge Organization,Germany,Henri Leclercq,,5,3,156,162,Environmental ethics; History,,,,,http://dx.doi.org/10.5771/0943-7444-1978-3-156,http://dx.doi.org/10.5771/0943-7444-1978-3-156,,10.5771/0943-7444-1978-3-156,2889821162,,0,,0
075-703-297-148-542,Ökonomische Semiotik,,1975,journal article,KNOWLEDGE ORGANIZATION,09437444,Nomos Verlag,,,,2,2,112,114,,,,,,,http://dx.doi.org/10.5771/0943-7444-1975-2-112,,10.5771/0943-7444-1975-2-112,,,0,,0
076-576-307-847-804,Titelei/Inhaltsverzeichnis,,1975,journal article,KNOWLEDGE ORGANIZATION,09437444,Nomos Verlag,,,,2,2,I,III,,,,,,,http://dx.doi.org/10.5771/0943-7444-1975-2-i,,10.5771/0943-7444-1975-2-i,,,0,,0
080-095-256-019-669,Infoterm News,,1979,journal article,KNOWLEDGE ORGANIZATION,09437444,Nomos Verlag,,,,6,2,121,124,,,,,,,http://dx.doi.org/10.5771/0943-7444-1979-2-121,,10.5771/0943-7444-1979-2-121,,,0,,0
081-042-036-262-656,"Wellisch, H. H.: International PRECIS Workshop (Perreault)",,1978,journal article,KNOWLEDGE ORGANIZATION,09437444,Nomos Verlag,,,,5,2,119,121,,,,,,,http://dx.doi.org/10.5771/0943-7444-1978-2-119,,10.5771/0943-7444-1978-2-119,,,0,,0
081-718-095-290-718,Structural dynamics of scientific literature,,1976,journal article,Knowledge Organization,09437444,International Society for Knowledge Organization,Germany,Henry Small,,42,2,250,259,Scientific literature; Computer science; Management science,,,,,http://dx.doi.org/10.5771/0943-7444-1976-2-67,http://dx.doi.org/10.5771/0943-7444-1976-2-67,,,2806333404,,0,,32
081-730-778-195-172,Atti del Seminario di studi sulla CDU (M. Ricci),,1978,journal article,KNOWLEDGE ORGANIZATION,09437444,Nomos Verlag,,,,5,3,177,178,,,,,,,http://dx.doi.org/10.5771/0943-7444-1978-3-177,,10.5771/0943-7444-1978-3-177,,,0,,0
083-163-945-020-762,H. E. Bruderer: Handbook of mechanical and computer supported translation. (In German) (G. Schott),,1979,journal article,KNOWLEDGE ORGANIZATION,09437444,Nomos Verlag,,,,6,2,131,132,,,,,,,http://dx.doi.org/10.5771/0943-7444-1979-2-131-1,,10.5771/0943-7444-1979-2-131-1,,,0,,0
084-130-974-520-50X,Conception and development of the Dewey Decimal Classification,,1976,journal article,Knowledge Organization,09437444,International Society for Knowledge Organization,Germany,John P. Comaromi,,3,1,11,15,Epistemology; Dewey Decimal Classification; Computer science,,,,,http://dx.doi.org/10.5771/0943-7444-1976-1-11,http://dx.doi.org/10.5771/0943-7444-1976-1-11,,10.5771/0943-7444-1976-1-11,2890352835,,0,,2
086-109-686-385-039,"Langridge, D. W.: Classification and indexing in the humanities (Perreault)",,1977,journal article,KNOWLEDGE ORGANIZATION,09437444,Nomos Verlag,,,,4,1,46,47,,,,,,,http://dx.doi.org/10.5771/0943-7444-1977-1-46,,10.5771/0943-7444-1977-1-46,,,0,,0
086-780-787-507-315,The Terminology of Subject-fields,,1975,journal article,Knowledge Organization,09437444,International Society for Knowledge Organization,Germany,Ingetraut Dahlberg,,42,1,31,37,Computer science; Linguistics; Terminology,,,,,http://dx.doi.org/10.5771/0943-7444-2015-1-57,http://dx.doi.org/10.5771/0943-7444-2015-1-57,,,2807623998,,0,,1
088-210-114-567-717,In Memoriam – Eugen Wüster (1898–1977),,1977,journal article,KNOWLEDGE ORGANIZATION,09437444,Nomos Verlag,,,,4,1,2,3,,,,,,,http://dx.doi.org/10.5771/0943-7444-1977-1-2,,10.5771/0943-7444-1977-1-2,,,0,,0
088-448-499-239-190,On the evaluation of information resources by means of the theory of fuzzy sets (In German),,1978,journal article,Knowledge Organization,09437444,International Society for Knowledge Organization,Germany,Siegfried Reball,,5,3,152,155,Data mining; German; Computer science; Fuzzy set,,,,,http://dx.doi.org/10.5771/0943-7444-1978-3-152,http://dx.doi.org/10.5771/0943-7444-1978-3-152,,10.5771/0943-7444-1978-3-152,2891736633,,0,,0
090-325-300-260-526,"Dahlberg, I.: Grundlagen universaler Wissensordnung (G. Vladutz)",,1976,journal article,KNOWLEDGE ORGANIZATION,09437444,Nomos Verlag,,,,3,1,42,43,,,,,,,http://dx.doi.org/10.5771/0943-7444-1976-1-42,,10.5771/0943-7444-1976-1-42,,,0,,0
090-448-452-194-724,Form and Subject Index,,1979,journal article,KNOWLEDGE ORGANIZATION,09437444,Nomos Verlag,,,,6,3,207,210,,,,,,,http://dx.doi.org/10.5771/0943-7444-1979-3-207,,10.5771/0943-7444-1979-3-207,,,0,,0
090-487-215-302-295,Infoterm News (H. Felber),,1978,journal article,KNOWLEDGE ORGANIZATION,09437444,Nomos Verlag,,,,5,1,41,42,,,,,,,http://dx.doi.org/10.5771/0943-7444-1978-1-41,,10.5771/0943-7444-1978-1-41,,,0,,0
091-794-332-504-626,K. L. Henderson (Ed.): Major Classification Systems: The Dewey Centennial (M. A. Gopinath),,1979,journal article,KNOWLEDGE ORGANIZATION,09437444,Nomos Verlag,,,,6,2,130,130,,,,,,,http://dx.doi.org/10.5771/0943-7444-1979-2-130,,10.5771/0943-7444-1979-2-130,,,0,,0
092-728-395-461-388,"A referent-oriented, analytical concept theory for INTERCONCEPT",,1978,journal article,Knowledge Organization,09437444,International Society for Knowledge Organization,Germany,Ingetraut Dahlberg,,5,3,142,151,Cognitive psychology; Referent; Computer science,,,,,http://dx.doi.org/10.5771/0943-7444-1978-3-142,http://dx.doi.org/10.5771/0943-7444-1978-3-142,,10.5771/0943-7444-1978-3-142,2891426376,,0,,33
092-871-465-471-146,Prinzipien der Klassifikation (E. Oeser),,1978,journal article,KNOWLEDGE ORGANIZATION,09437444,Nomos Verlag,,,,5,3,174,177,,,,,,,http://dx.doi.org/10.5771/0943-7444-1978-3-174,,10.5771/0943-7444-1978-3-174,,,0,,0
094-387-207-313-653,"Classification theory, yesterday and today",,1976,journal article,Knowledge Organization,09437444,International Society for Knowledge Organization,Germany,I. Dahlberg,,3,2,85,90,Yesterday; Computer science; Art history,,,,,http://dx.doi.org/10.5771/0943-7444-1976-2-85,http://dx.doi.org/10.5771/0943-7444-1976-2-85,,10.5771/0943-7444-1976-2-85,2890312520,,0,,5
095-122-636-508-427,Dewey and Ranganathan,,1976,journal article,KNOWLEDGE ORGANIZATION,09437444,Nomos Verlag,,,,3,1,1,2,,,,,,,http://dx.doi.org/10.5771/0943-7444-1976-1-1-1,,10.5771/0943-7444-1976-1-1-1,,,0,,0
095-131-327-511-731,"Wahrig, G. (Ed.): dtv-Wörterbuch der deutschen Sprache (A. Hoppe)",,1978,journal article,KNOWLEDGE ORGANIZATION,09437444,Nomos Verlag,,,,5,3,179,180,,,,,,,http://dx.doi.org/10.5771/0943-7444-1978-3-179,,10.5771/0943-7444-1978-3-179,,,0,,0
095-237-937-989-885,Why this Journal?,,1974,journal article,KNOWLEDGE ORGANIZATION,09437444,Nomos Verlag,,,,1,1,1,2,,,,,,,http://dx.doi.org/10.5771/0943-7444-1974-1-1,,10.5771/0943-7444-1974-1-1,,,0,,0
095-324-917-477-044,The Terminology of Subject-fields,,1975,journal article,KNOWLEDGE ORGANIZATION,09437444,Nomos Verlag,Germany,Ingetraut Dahlberg,,2,1,31,37,,,,,,,http://dx.doi.org/10.5771/0943-7444-1975-1-31,,10.5771/0943-7444-1975-1-31,,,0,,0
095-892-874-520-190,Reports and Communications,,1975,journal article,KNOWLEDGE ORGANIZATION,09437444,Nomos Verlag,,,,2,2,102,110,,,,,,,http://dx.doi.org/10.5771/0943-7444-1975-2-102,,10.5771/0943-7444-1975-2-102,,,0,,0
096-481-108-994-653,"Bausch, K. J. et al: Fachsprachen. (Sager)",,1977,journal article,KNOWLEDGE ORGANIZATION,09437444,Nomos Verlag,,,,4,1,49,50,,,,,,,http://dx.doi.org/10.5771/0943-7444-1977-1-49,,10.5771/0943-7444-1977-1-49,,,0,,0
097-270-393-820-500,A Common Classification for Swedish Research Projects,,1974,journal article,Knowledge Organization,09437444,International Society for Knowledge Organization,Germany,E. Wåhlin,,1,1,21,26,Political science; Knowledge management,,,,,http://dx.doi.org/10.5771/0943-7444-1974-1-21,http://dx.doi.org/10.5771/0943-7444-1974-1-21,,10.5771/0943-7444-1974-1-21,2890184546,,0,,0
099-180-628-505-294,News – Nachrichten,,1974,journal article,KNOWLEDGE ORGANIZATION,09437444,Nomos Verlag,,,,1,1,45,47,,,,,,,http://dx.doi.org/10.5771/0943-7444-1974-1-45,,10.5771/0943-7444-1974-1-45,,,0,,0
100-097-895-286-475,Agricultural soil science in universal classification systems. A comparative analysis,,1978,journal article,Knowledge Organization,09437444,International Society for Knowledge Organization,Germany,Milton Nocetti,,5,1,15,20,Agricultural soil science; Environmental science; Agricultural engineering,,,,,http://dx.doi.org/10.5771/0943-7444-1978-1-15,http://dx.doi.org/10.5771/0943-7444-1978-1-15,,10.5771/0943-7444-1978-1-15,2889685520,,0,,0
100-665-157-258-504,"Seelbatch, D.: Computerlinguistik und Dokumentation (H. Zimmermann)",,1976,journal article,KNOWLEDGE ORGANIZATION,09437444,Nomos Verlag,,,,3,1,45,45,,,,,,,http://dx.doi.org/10.5771/0943-7444-1976-1-45,,10.5771/0943-7444-1976-1-45,,,0,,0
101-483-553-450-249,"Classification Literature 3 (1976) No. 1, Nos. 1496–1872",,1976,journal article,KNOWLEDGE ORGANIZATION,09437444,Nomos Verlag,,,,3,1,47,64,,,,,,,http://dx.doi.org/10.5771/0943-7444-1976-1-47,,10.5771/0943-7444-1976-1-47,,,0,,0
106-889-436-223-25X,Reports and Communications,,1978,journal article,KNOWLEDGE ORGANIZATION,09437444,Nomos Verlag,,,,5,1,38,40,,,,,,,http://dx.doi.org/10.5771/0943-7444-1978-1-38,,10.5771/0943-7444-1978-1-38,,,0,,0
107-467-387-457-530,Alphabetical Index,,1979,journal article,KNOWLEDGE ORGANIZATION,09437444,Nomos Verlag,,,,6,3,206,207,,,,,,,http://dx.doi.org/10.5771/0943-7444-1979-3-206,,10.5771/0943-7444-1979-3-206,,,0,,0
107-587-995-663-668,"Classification Literature 4 (1977) No. 1, Nos. 2201–2591",,1977,journal article,KNOWLEDGE ORGANIZATION,09437444,Nomos Verlag,,,,4,1,51,69,,,,,,,http://dx.doi.org/10.5771/0943-7444-1977-1-51,,10.5771/0943-7444-1977-1-51,,,0,,0
108-057-556-023-245,"Classification Literature 2 (1975) No. 2, Nos. 1127–1495",,1975,journal article,KNOWLEDGE ORGANIZATION,09437444,Nomos Verlag,,,,2,2,125,144,,,,,,,http://dx.doi.org/10.5771/0943-7444-1975-2-125,,10.5771/0943-7444-1975-2-125,,,0,,0
108-106-621-979-250,,,1977,journal issue,KNOWLEDGE ORGANIZATION,09437444,Nomos Verlag,,,,4,1,,,,,,,,,http://dx.doi.org/10.5771/0943-7444-1977-1,,10.5771/0943-7444-1977-1,,,0,,0
108-173-163-513-006,Which way to “Shared Classification“? A Danish view,,1976,journal article,Knowledge Organization,09437444,International Society for Knowledge Organization,Germany,Mogens Weitemeyer,,3,2,93,96,Sociology; Danish; Linguistics,,,,,http://dx.doi.org/10.5771/0943-7444-1976-2-93,http://dx.doi.org/10.5771/0943-7444-1976-2-93,,10.5771/0943-7444-1976-2-93,2891937681,,0,,0
108-875-514-388-451,Titelei/Inhaltsverzeichnis,,1976,journal article,KNOWLEDGE ORGANIZATION,09437444,Nomos Verlag,,,,3,2,I,III,,,,,,,http://dx.doi.org/10.5771/0943-7444-1976-2-i,,10.5771/0943-7444-1976-2-i,,,0,,0
109-236-666-117-170,"Mills, J., Broughton, V.: Bliss Bibliographic Classification (Bakewell)",,1978,journal article,KNOWLEDGE ORGANIZATION,09437444,Nomos Verlag,,,,5,1,43,44,,,,,,,http://dx.doi.org/10.5771/0943-7444-1978-1-43,,10.5771/0943-7444-1978-1-43,,,0,,0
109-754-427-439-877,"Scheele, M.: Ordnung und Wortschatz des Wissens (Soergel)",,1978,journal article,KNOWLEDGE ORGANIZATION,09437444,Nomos Verlag,,,,5,2,113,117,,,,,,,http://dx.doi.org/10.5771/0943-7444-1978-2-113,,10.5771/0943-7444-1978-2-113,,,0,,0
111-193-435-009-943,"Haase, R.: Der meßbare Einklang and Papentin, F.: Ordnung, Intelligenz, Evolution (W. Dahlberg)",,1978,journal article,KNOWLEDGE ORGANIZATION,09437444,Nomos Verlag,,,,5,3,181,182,,,,,,,http://dx.doi.org/10.5771/0943-7444-1978-3-181,,10.5771/0943-7444-1978-3-181,,,0,,0
112-076-040-174-753,Reports and Communications,,1978,journal article,KNOWLEDGE ORGANIZATION,09437444,Nomos Verlag,,,,5,2,93,111,,,,,,,http://dx.doi.org/10.5771/0943-7444-1978-2-93,,10.5771/0943-7444-1978-2-93,,,0,,0
112-551-216-113-744,"Austin, D.: PRECIS: a manual of concept analysis and subject indexing. (Ph. Richmond)",,1975,journal article,KNOWLEDGE ORGANIZATION,09437444,Nomos Verlag,,,,2,2,116,117,,,,,,,http://dx.doi.org/10.5771/0943-7444-1975-2-116,,10.5771/0943-7444-1975-2-116,,,0,,0
112-584-103-823-353,Probleme der Warenbeschreibung und Klassifikation (Problems of commodity description and classification),,1975,journal article,Knowledge Organization,09437444,International Society for Knowledge Organization,Germany,Josef Hölzl,,2,2,94,102,Mathematical economics; Commodity; Computer science,,,,,http://dx.doi.org/10.5771/0943-7444-1975-2-94,http://dx.doi.org/10.5771/0943-7444-1975-2-94,,10.5771/0943-7444-1975-2-94,2892114343,,0,,0
113-088-557-272-14X,"Downing, J. C., Yelland, M.: Dewey International (Wellisch)",,1978,journal article,KNOWLEDGE ORGANIZATION,09437444,Nomos Verlag,,,,5,1,44,45,,,,,,,http://dx.doi.org/10.5771/0943-7444-1978-1-44,,10.5771/0943-7444-1978-1-44,,,0,,0
114-430-583-965-799,The Glamour and the Misery of the Thesaurus Approach,,1974,journal article,Knowledge Organization,09437444,International Society for Knowledge Organization,Germany,Robert Fugmann,,1,2,76,86,Aesthetics; Computer science,,,,,http://dx.doi.org/10.5771/0943-7444-1974-2-76,http://dx.doi.org/10.5771/0943-7444-1974-2-76,,10.5771/0943-7444-1974-2-76,2890640298,,0,,2
115-594-142-290-017,Editorial,,1975,journal article,KNOWLEDGE ORGANIZATION,09437444,Nomos Verlag,,,,2,1,1,1,,,,,,,http://dx.doi.org/10.5771/0943-7444-1975-1-1,,10.5771/0943-7444-1975-1-1,,,0,,0
116-317-840-298-439,A new paradigm for social science terminology,,1979,journal article,Knowledge Organization,09437444,International Society for Knowledge Organization,Germany,Fred W. Riggs,,6,3,150,157,Epistemology; Sociology; Terminology,,,,,http://dx.doi.org/10.5771/0943-7444-1979-3-150,http://dx.doi.org/10.5771/0943-7444-1979-3-150,,10.5771/0943-7444-1979-3-150,2890150022,,0,,0
116-322-088-452-050,"Buchanan, B.: A glossary of indexing terms (J. Farradane)",,1976,journal article,KNOWLEDGE ORGANIZATION,09437444,Nomos Verlag,,,,3,2,110,111,,,,,,,http://dx.doi.org/10.5771/0943-7444-1976-2-110,,10.5771/0943-7444-1976-2-110,,,0,,0
116-569-251-863-218,The ‚Classification of Science and Technology‘,,1977,journal article,Knowledge Organization,09437444,International Society for Knowledge Organization,Germany,Tuneo Yosimura,,4,1,26,28,"Engineering; Science, technology and society; Data science",,,,,http://dx.doi.org/10.5771/0943-7444-1977-1-26,http://dx.doi.org/10.5771/0943-7444-1977-1-26,,10.5771/0943-7444-1977-1-26,2889775583,,0,,0
117-179-109-242-560,Terminology Corner: Terminology Standards and Guidelines,,1977,journal article,KNOWLEDGE ORGANIZATION,09437444,Nomos Verlag,,,,4,1,43,44,,,,,,,http://dx.doi.org/10.5771/0943-7444-1977-1-43,,10.5771/0943-7444-1977-1-43,,,0,,0
121-961-170-520-00X,Classification Literature,,1974,journal article,KNOWLEDGE ORGANIZATION,09437444,Nomos Verlag,,,,1,2,109,119,,,,,,,http://dx.doi.org/10.5771/0943-7444-1974-2-109,,10.5771/0943-7444-1974-2-109,,,0,,0
125-225-123-205-453,News – Nachrichten,,1975,journal article,KNOWLEDGE ORGANIZATION,09437444,Nomos Verlag,,,,2,1,48,49,,,,,,,http://dx.doi.org/10.5771/0943-7444-1975-1-48,,10.5771/0943-7444-1975-1-48,,,0,,0
126-130-002-054-657,Vleduts/Stokolova: Construction Information Languages ... (D. Austin),,1975,journal article,KNOWLEDGE ORGANIZATION,09437444,Nomos Verlag,,,,2,1,49,50,,,,,,,http://dx.doi.org/10.5771/0943-7444-1975-1-49,,10.5771/0943-7444-1975-1-49,,,0,,0
126-655-791-863-028,Titelei/Inhaltsverzeichnis,,1977,journal article,KNOWLEDGE ORGANIZATION,09437444,Nomos Verlag,,,,4,1,I,III,,,,,,,http://dx.doi.org/10.5771/0943-7444-1977-1-i,,10.5771/0943-7444-1977-1-i,,,0,,0
130-003-730-841-686,Titelei/Inhaltsverzeichnis,,1975,journal article,KNOWLEDGE ORGANIZATION,09437444,Nomos Verlag,,,,2,1,I,III,,,,,,,http://dx.doi.org/10.5771/0943-7444-1975-1-i,,10.5771/0943-7444-1975-1-i,,,0,,0
131-686-171-881-56X,,,1978,journal issue,KNOWLEDGE ORGANIZATION,09437444,Nomos Verlag,,,,5,3,,,,,,,,,http://dx.doi.org/10.5771/0943-7444-1978-3,,10.5771/0943-7444-1978-3,,,0,,0
135-317-182-168-243,Titelei/Inhaltsverzeichnis,,1978,journal article,KNOWLEDGE ORGANIZATION,09437444,Nomos Verlag,,,,5,3,I,II,,,,,,,http://dx.doi.org/10.5771/0943-7444-1978-3-i,,10.5771/0943-7444-1978-3-i,,,0,,0
135-678-289-018-791,Reports and Communications,,1979,journal article,KNOWLEDGE ORGANIZATION,09437444,Nomos Verlag,,,,6,3,177,180,,,,,,,http://dx.doi.org/10.5771/0943-7444-1979-3-177,,10.5771/0943-7444-1979-3-177,,,0,,0
135-769-084-157-193,Seminal mnemonics in classification,,1976,journal article,Knowledge Organization,09437444,International Society for Knowledge Organization,Germany,Krishnappa Subramanyam,,3,1,16,17,Psychology; Mnemonic; Linguistics,,,,,http://dx.doi.org/10.5771/0943-7444-1976-1-16,http://dx.doi.org/10.5771/0943-7444-1976-1-16,,10.5771/0943-7444-1976-1-16,2889671524,,0,,0
135-820-776-488-090,An automatic index in natural language for UDC Editions,,1975,journal article,Knowledge Organization,09437444,International Society for Knowledge Organization,Germany,Elvira de Andrade Oliveira,,2,2,89,93,Natural language; Computer science; Linguistics,,,,,http://dx.doi.org/10.5771/0943-7444-1975-2-89,http://dx.doi.org/10.5771/0943-7444-1975-2-89,,10.5771/0943-7444-1975-2-89,2890762142,,0,,0
136-928-828-217-171,"Vogel, F.: Probleme und Verfahren der numerischen Klassifikation. (Fangmeyer)",,1975,journal article,KNOWLEDGE ORGANIZATION,09437444,Nomos Verlag,,,,2,2,123,123,,,,,,,http://dx.doi.org/10.5771/0943-7444-1975-2-123,,10.5771/0943-7444-1975-2-123,,,0,,0
137-219-932-213-458,Some observations on the forthcoming 19th edition of the Dewey Decimal Classification (DDC) Scheme,,1979,journal article,Knowledge Organization,09437444,International Society for Knowledge Organization,Germany,I. N . Sengupta,,6,3,170,171,Dewey Decimal Classification; Philosophy; Arithmetic,,,,,http://dx.doi.org/10.5771/0943-7444-1979-3-170,http://dx.doi.org/10.5771/0943-7444-1979-3-170,,10.5771/0943-7444-1979-3-170,2891851032,,0,,0
137-243-509-836-527,Concept Comprehension Building in Students and the Teaching of Theory of Library Classification,,1975,journal article,Knowledge Organization,09437444,International Society for Knowledge Organization,Germany,M. M. Kashyap,,2,1,22,25,Mathematics education; Psychology; Library classification; Comprehension,,,,,http://dx.doi.org/10.5771/0943-7444-1975-1-22,http://dx.doi.org/10.5771/0943-7444-1975-1-22,,10.5771/0943-7444-1975-1-22,2892262245,,0,,0
137-994-374-597-529,Zur Theorie des Begriffs (Towards a theory of the concept),,1974,journal article,Knowledge Organization,09437444,International Society for Knowledge Organization,Germany,Ingetraut Dahlberg,,1,1,12,19,Epistemology; Philosophy,,,,,http://dx.doi.org/10.5771/0943-7444-1974-1-12,http://dx.doi.org/10.5771/0943-7444-1974-1-12,,10.5771/0943-7444-1974-1-12,2890831143,,0,,3
138-418-232-368-844,"Classification Literature 5 (1978) No. 3, Nos. 3462–3947",,1978,journal article,KNOWLEDGE ORGANIZATION,09437444,Nomos Verlag,,,,5,3,183,204,,,,,,,http://dx.doi.org/10.5771/0943-7444-1978-3-183,,10.5771/0943-7444-1978-3-183,,,0,,0
138-786-766-652-89X,"Meyer-Uhlenried, K.-H.: Methodische Grundlagen für die Planung von Informationssystemen (Chapt. 3.4) (Wellisch)",,1978,journal article,KNOWLEDGE ORGANIZATION,09437444,Nomos Verlag,,,,5,2,117,118,,,,,,,http://dx.doi.org/10.5771/0943-7444-1978-2-117,,10.5771/0943-7444-1978-2-117,,,0,,0
139-545-601-848-519,"H. Borko, Ch. L. Bernier: Indexing concepts and methods. (I. Dahlberg)",,1979,journal article,KNOWLEDGE ORGANIZATION,09437444,Nomos Verlag,,,,6,2,131,131,,,,,,,http://dx.doi.org/10.5771/0943-7444-1979-2-131,,10.5771/0943-7444-1979-2-131,,,0,,0
140-878-322-391-350,"Hicks, S. C.: Classification research (Australia). (T. Morgan)",,1975,journal article,KNOWLEDGE ORGANIZATION,09437444,Nomos Verlag,,,,2,2,117,118,,,,,,,http://dx.doi.org/10.5771/0943-7444-1975-2-117,,10.5771/0943-7444-1975-2-117,,,0,,0
141-398-281-218-984,Structuring of compound and complex subjects in social sciences: a users’ survey,,1978,journal article,Knowledge Organization,09437444,International Society for Knowledge Organization,Germany,K. S. Raghavan; Hemalata Iyer,,5,1,8,14,Sociology; Mathematics education; Structuring,,,,,http://dx.doi.org/10.5771/0943-7444-1978-1-8,http://dx.doi.org/10.5771/0943-7444-1978-1-8,,10.5771/0943-7444-1978-1-8,2890400193,,0,,0
142-328-884-647-174,A journal devoted to,,1978,journal article,KNOWLEDGE ORGANIZATION,09437444,Nomos Verlag,,,,5,1,1,2,,,,,,,http://dx.doi.org/10.5771/0943-7444-1978-1-1,,10.5771/0943-7444-1978-1-1,,,0,,0
144-060-812-245-983,"Langridge: Approach to Classification for Students ... (G. Roberts, P. Atherton)",,1975,journal article,KNOWLEDGE ORGANIZATION,09437444,Nomos Verlag,,,,2,1,50,50,,,,,,,http://dx.doi.org/10.5771/0943-7444-1975-1-50,,10.5771/0943-7444-1975-1-50,,,0,,0
145-324-393-709-933,F. v. Kutschera: Introduction into intensional semantics (In German) (W. Heydrich),,1979,journal article,KNOWLEDGE ORGANIZATION,09437444,Nomos Verlag,,,,6,2,128,130,,,,,,,http://dx.doi.org/10.5771/0943-7444-1979-2-128,,10.5771/0943-7444-1979-2-128,,,0,,0
145-932-723-750-699,Classification theory,,1976,journal article,KNOWLEDGE ORGANIZATION,09437444,Nomos Verlag,,Stephan Körner,,3,1,3,6,,,,,,,http://dx.doi.org/10.5771/0943-7444-1976-1-3,,10.5771/0943-7444-1976-1-3,,,0,,0
146-825-635-887-532,,,1979,journal issue,KNOWLEDGE ORGANIZATION,09437444,Nomos Verlag,,,,6,2,,,,,,,,,http://dx.doi.org/10.5771/0943-7444-1979-2,,10.5771/0943-7444-1979-2,,,0,,0
147-940-354-617-253,"Maltby, A.: Classification in the 1970s: a second look (Foskett)",,1977,journal article,KNOWLEDGE ORGANIZATION,09437444,Nomos Verlag,,,,4,1,47,48,,,,,,,http://dx.doi.org/10.5771/0943-7444-1977-1-47,,10.5771/0943-7444-1977-1-47,,,0,,0
148-156-810-968-506,"Drosdowski, G. et al: Nachdenken über Wörterbücher (I. Dahlberg)",,1978,journal article,KNOWLEDGE ORGANIZATION,09437444,Nomos Verlag,,,,5,2,123,124,,,,,,,http://dx.doi.org/10.5771/0943-7444-1978-2-123,,10.5771/0943-7444-1978-2-123,,,0,,1
148-522-767-342-619,Reports and Communications,,1974,journal article,KNOWLEDGE ORGANIZATION,09437444,Nomos Verlag,,,,1,1,39,45,,,,,,,http://dx.doi.org/10.5771/0943-7444-1974-1-39,,10.5771/0943-7444-1974-1-39,,,0,,0
148-649-257-585-838,,,1974,journal issue,KNOWLEDGE ORGANIZATION,09437444,Nomos Verlag,,,,1,2,,,,,,,,,http://dx.doi.org/10.5771/0943-7444-1974-2,,10.5771/0943-7444-1974-2,,,0,,0
149-507-188-841-828,Reports and Communications,,1978,journal article,KNOWLEDGE ORGANIZATION,09437444,Nomos Verlag,,,,5,3,163,169,,,,,,,http://dx.doi.org/10.5771/0943-7444-1978-3-163,,10.5771/0943-7444-1978-3-163,,,0,,0
149-596-097-704-868,"Classification Literature 1 (1974) No. 1, Nos. 001–521 Bibliographies – Literature Reviews – Classification Systems and Thesauri – Dictionaries – Proceedings – Periodicals and Serials",,1974,journal article,KNOWLEDGE ORGANIZATION,09437444,Nomos Verlag,,,,1,1,49,58,,,,,,,http://dx.doi.org/10.5771/0943-7444-1974-1-49,,10.5771/0943-7444-1974-1-49,,,0,,0
151-192-557-804-837,,,1975,journal issue,KNOWLEDGE ORGANIZATION,09437444,Nomos Verlag,,,,2,1,,,,,,,,,http://dx.doi.org/10.5771/0943-7444-1975-1,,10.5771/0943-7444-1975-1,,,0,,0
151-535-112-831-551,,,1975,journal issue,KNOWLEDGE ORGANIZATION,09437444,Nomos Verlag,,,,2,2,,,,,,,,,http://dx.doi.org/10.5771/0943-7444-1975-2,,10.5771/0943-7444-1975-2,,,0,,0
153-495-968-068-951,Reports and Communications,,1974,journal article,KNOWLEDGE ORGANIZATION,09437444,Nomos Verlag,,,,1,2,91,98,,,,,,,http://dx.doi.org/10.5771/0943-7444-1974-2-91,,10.5771/0943-7444-1974-2-91,,,0,,0
153-843-937-818-332,Viewdata – something to be crazy about?,,1979,journal article,Knowledge Organization,09437444,International Society for Knowledge Organization,Germany,Hans Karlgren,,6,3,172,176,Viewdata; Media studies; Computer science,,,,,http://dx.doi.org/10.5771/0943-7444-1979-3-172,http://dx.doi.org/10.5771/0943-7444-1979-3-172,,10.5771/0943-7444-1979-3-172,2889601418,,0,,1
154-903-415-297-961,,,1979,journal issue,KNOWLEDGE ORGANIZATION,09437444,Nomos Verlag,,,,6,3,,,,,,,,,http://dx.doi.org/10.5771/0943-7444-1979-3,,10.5771/0943-7444-1979-3,,,0,,0
155-178-599-965-000,Gopinath: Classification Research (India) ... (Ph. A. Richmond),,1975,journal article,KNOWLEDGE ORGANIZATION,09437444,Nomos Verlag,,,,2,1,55,56,,,,,,,http://dx.doi.org/10.5771/0943-7444-1975-1-55,,10.5771/0943-7444-1975-1-55,,,0,,0
155-764-457-397-046,Progress Report on a New Scheme for the Classification of Knowledge,,1974,journal article,Knowledge Organization,09437444,International Society for Knowledge Organization,Germany,Alan J. Mayne,,1,1,27,32,Machine learning; Artificial intelligence; Computer science,,,,,http://dx.doi.org/10.5771/0943-7444-1974-1-27,http://dx.doi.org/10.5771/0943-7444-1974-1-27,,10.5771/0943-7444-1974-1-27,2892205091,,0,,0
156-986-395-078-903,Editorial,,1975,journal article,KNOWLEDGE ORGANIZATION,09437444,Nomos Verlag,,,,2,2,71,71,,,,,,,http://dx.doi.org/10.5771/0943-7444-1975-2-71,,10.5771/0943-7444-1975-2-71,,,0,,0
162-353-250-852-90X,On the hierarchical classification of observation units according to comparative characteristics (in German),,1978,journal article,Knowledge Organization,09437444,International Society for Knowledge Organization,Germany,Hans Theo Forst,,5,2,81,85,German; Artificial intelligence; Natural language processing; Computer science,,,,,http://dx.doi.org/10.5771/0943-7444-1978-2-81,http://dx.doi.org/10.5771/0943-7444-1978-2-81,,10.5771/0943-7444-1978-2-81,2890853793,,0,,1
162-783-495-119-693,Terminology Corner,,1976,journal article,KNOWLEDGE ORGANIZATION,09437444,Nomos Verlag,,,,3,2,105,107,,,,,,,http://dx.doi.org/10.5771/0943-7444-1976-2-105,,10.5771/0943-7444-1976-2-105,,,0,,0
163-906-328-477-614,"Fluck, H. R.: Fachsprachen (H.-R. Spiegel)",,1976,journal article,KNOWLEDGE ORGANIZATION,09437444,Nomos Verlag,,,,3,2,114,115,,,,,,,http://dx.doi.org/10.5771/0943-7444-1976-2-114-1,,10.5771/0943-7444-1976-2-114-1,,,0,,0
165-979-702-212-019,,,1978,journal issue,KNOWLEDGE ORGANIZATION,09437444,Nomos Verlag,,,,5,2,,,,,,,,,http://dx.doi.org/10.5771/0943-7444-1978-2,,10.5771/0943-7444-1978-2,,,0,,0
167-986-933-597-516,"Classification Literature 2 (1975) No. I, Nos. 754–1126",,1975,journal article,KNOWLEDGE ORGANIZATION,09437444,Nomos Verlag,,,,2,1,57,72,,,,,,,http://dx.doi.org/10.5771/0943-7444-1975-1-57,,10.5771/0943-7444-1975-1-57,,,0,,0
168-654-589-135-157,News - Nachrichten,,1974,journal article,KNOWLEDGE ORGANIZATION,09437444,Nomos Verlag,,,,1,2,99,100,,,,,,,http://dx.doi.org/10.5771/0943-7444-1974-2-99,,10.5771/0943-7444-1974-2-99,,,0,,0
169-504-333-638-618,"Maltby, A.: Sayer’s Manual of Classification for Librarians (E. Scibor)",,1976,journal article,KNOWLEDGE ORGANIZATION,09437444,Nomos Verlag,,,,3,1,44,44,,,,,,,http://dx.doi.org/10.5771/0943-7444-1976-1-44,,10.5771/0943-7444-1976-1-44,,,0,,0
170-809-619-956-825,"R. Jung, L. Sickmann (Eds.): Subject headings assignment and the subject heading catalogue. (In German) (I. Dahlberg)",,1979,journal article,KNOWLEDGE ORGANIZATION,09437444,Nomos Verlag,,,,6,2,132,132,,,,,,,http://dx.doi.org/10.5771/0943-7444-1979-2-132,,10.5771/0943-7444-1979-2-132,,,0,,0
171-487-924-740-702,Stammerjohann/Janssen: Handbuch der Linguistik. (R. Kuhlen),,1975,journal article,KNOWLEDGE ORGANIZATION,09437444,Nomos Verlag,,,,2,2,121,123,,,,,,,http://dx.doi.org/10.5771/0943-7444-1975-2-121,,10.5771/0943-7444-1975-2-121,,,0,,0
172-522-361-201-138,"Classification Literature 6 (1979) No. 2, Nos. 4386–4733",,1979,journal article,KNOWLEDGE ORGANIZATION,09437444,Nomos Verlag,,,,6,2,133,148,,,,,,,http://dx.doi.org/10.5771/0943-7444-1979-2-133,,10.5771/0943-7444-1979-2-133,,,0,,0
173-448-405-044-992,Daniel/Mills: A classification of library and information science. (H. Körner),,1975,journal article,KNOWLEDGE ORGANIZATION,09437444,Nomos Verlag,,,,2,2,123,124,,,,,,,http://dx.doi.org/10.5771/0943-7444-1975-2-123-1,,10.5771/0943-7444-1975-2-123-1,,,0,,0
173-623-199-025-314,"Brown, A. G.: Introduction to subject indexing: Vol. I (Richmond)",,1977,journal article,KNOWLEDGE ORGANIZATION,09437444,Nomos Verlag,,,,4,1,45,45,,,,,,,http://dx.doi.org/10.5771/0943-7444-1977-1-45,,10.5771/0943-7444-1977-1-45,,,0,,0
173-794-800-424-137,International Classification - Index to vols. 1–3,,1976,journal article,KNOWLEDGE ORGANIZATION,09437444,Nomos Verlag,,,,3,2,131,134,,,,,,,http://dx.doi.org/10.5771/0943-7444-1976-2-131,,10.5771/0943-7444-1976-2-131,,,0,,0
177-816-941-897-368,Letters to the Editor,,1974,journal article,KNOWLEDGE ORGANIZATION,09437444,Nomos Verlag,,,,1,2,60,60,,,,,,,http://dx.doi.org/10.5771/0943-7444-1974-2-60,,10.5771/0943-7444-1974-2-60,,,0,,0
178-773-711-921-384,,,1974,journal issue,KNOWLEDGE ORGANIZATION,09437444,Nomos Verlag,,,,1,1,,,,,,,,,http://dx.doi.org/10.5771/0943-7444-1974-1,,10.5771/0943-7444-1974-1,,,0,,0
180-342-928-590-464,"Classification Literature 6 (1979) No. 3, Nos. 4734–5111",,1979,journal article,KNOWLEDGE ORGANIZATION,09437444,Nomos Verlag,,,,6,3,188,205,,,,,,,http://dx.doi.org/10.5771/0943-7444-1979-3-188,,10.5771/0943-7444-1979-3-188,,,0,,0
181-426-234-633-823,Titelei/Inhaltsverzeichnis,,1979,journal article,KNOWLEDGE ORGANIZATION,09437444,Nomos Verlag,,,,6,2,I,III,,,,,,,http://dx.doi.org/10.5771/0943-7444-1979-2-i,,10.5771/0943-7444-1979-2-i,,,0,,0
183-748-537-818-010,"Bahner, H., Friede, H.-J., Haendler, H., Schoen, P. J.: Thesaurus Tierische Produktion (M. Scheele)",,1978,journal article,KNOWLEDGE ORGANIZATION,09437444,Nomos Verlag,,,,5,1,45,46,,,,,,,http://dx.doi.org/10.5771/0943-7444-1978-1-45-1,,10.5771/0943-7444-1978-1-45-1,,,0,,0
184-919-877-992-074,,,1978,journal issue,KNOWLEDGE ORGANIZATION,09437444,Nomos Verlag,,,,5,1,,,,,,,,,http://dx.doi.org/10.5771/0943-7444-1978-1,,10.5771/0943-7444-1978-1,,,0,,0
185-912-489-268-759,J. E. Wojciechowski (Ed.): Conceptual Basis of the Classification of Knowledge. Proc. Ottawa 1971 (Dickson),,1979,journal article,KNOWLEDGE ORGANIZATION,09437444,Nomos Verlag,,,,6,3,185,187,,,,,,,http://dx.doi.org/10.5771/0943-7444-1979-3-185,,10.5771/0943-7444-1979-3-185,,,0,,0
190-819-847-010-69X,"Day, S. (Ed.): Communication of scientific information (R. Henzler)",,1976,journal article,KNOWLEDGE ORGANIZATION,09437444,Nomos Verlag,,,,3,1,44,45,,,,,,,http://dx.doi.org/10.5771/0943-7444-1976-1-44-1,,10.5771/0943-7444-1976-1-44-1,,,0,,0
191-031-536-788-202,Reports and Communications,,1976,journal article,KNOWLEDGE ORGANIZATION,09437444,Nomos Verlag,,,,3,2,96,104,,,,,,,http://dx.doi.org/10.5771/0943-7444-1976-2-96,,10.5771/0943-7444-1976-2-96,,,0,,0
193-282-645-147-876,Selektionsgerechte Indikation von Sachgebieten und Sachverhalten. (Selection-oriented Indication of Subject-fields and Propositions.),,1975,journal article,Knowledge Organization,09437444,International Society for Knowledge Organization,Germany,Harald Haendler,,2,1,25,31,Epistemology; Computer science,,,,,http://dx.doi.org/10.5771/0943-7444-1975-1-25,http://dx.doi.org/10.5771/0943-7444-1975-1-25,,10.5771/0943-7444-1975-1-25,2889779818,,0,,0
199-426-751-144-036,Homage to Melvil Dewey 1876–1976,,1976,journal article,KNOWLEDGE ORGANIZATION,09437444,Nomos Verlag,,,,3,1,1,1,,,,,,,http://dx.doi.org/10.5771/0943-7444-1976-1-1,,10.5771/0943-7444-1976-1-1,,,0,,0
199-827-135-724-616,"Classification Literature 3 (1976) No. 2, Nos. 1873–2200",,1976,journal article,KNOWLEDGE ORGANIZATION,09437444,Nomos Verlag,,,,3,2,116,130,,,,,,,http://dx.doi.org/10.5771/0943-7444-1976-2-116,,10.5771/0943-7444-1976-2-116,,,0,,0
