Lens ID,Title,Date Published,Publication Year,Publication Type,Source Title,ISSNs,Publisher,Source Country,Author/s,Abstract,Volume,Issue Number,Start Page,End Page,Fields of Study,Keywords,MeSH Terms,Chemicals,Funding,Source URLs,External URL,PMID,DOI,Microsoft Academic ID,PMCID,Patent Citation Count,References,Scholarly Citation Count
000-117-196-664-334,"Classification and ""The Tree of Cognition""",,1987,journal article,KNOWLEDGE ORGANIZATION,09437444,Nomos Verlag,,,,14,3,125,126,,,,,,,http://dx.doi.org/10.5771/0943-7444-1987-3-125,,10.5771/0943-7444-1987-3-125,,,0,,0
000-354-541-843-78X,"Soergel, D.: Organizing Information: Principles of Data Base and Retrieval Systems (R. Rada)",,1987,journal article,KNOWLEDGE ORGANIZATION,09437444,Nomos Verlag,,,,14,2,103,104,,,,,,,http://dx.doi.org/10.5771/0943-7444-1987-2-103,,10.5771/0943-7444-1987-2-103,,,0,,0
000-528-247-948-326,,,1987,journal issue,KNOWLEDGE ORGANIZATION,09437444,Nomos Verlag,,,,14,3,,,,,,,,,http://dx.doi.org/10.5771/0943-7444-1987-3,,10.5771/0943-7444-1987-3,,,0,,0
001-066-066-628-692,A. Serrai: Dai “loci communes“ alla bibliometria (M. T. Biogetti),,1985,journal article,KNOWLEDGE ORGANIZATION,09437444,Nomos Verlag,,,,12,1,43,44,,,,,,,http://dx.doi.org/10.5771/0943-7444-1985-1-43,,10.5771/0943-7444-1985-1-43,,,0,,0
001-377-076-515-956,FID/CR News 13,,1985,journal article,KNOWLEDGE ORGANIZATION,09437444,Nomos Verlag,,,,12,1,29,32,,,,,,,http://dx.doi.org/10.5771/0943-7444-1985-1-29,,10.5771/0943-7444-1985-1-29,,,0,,1
003-052-504-466-394,Titelei/Inhaltsverzeichnis,,1988,journal article,KNOWLEDGE ORGANIZATION,09437444,Nomos Verlag,,,,15,1,I,III,,,,,,,http://dx.doi.org/10.5771/0943-7444-1988-1-i,,10.5771/0943-7444-1988-1-i,,,0,,0
004-162-009-909-42X,Evolutionary Visions of the Future. Special issue of “Systems Research“. (H. Löckenhoff),,1986,journal article,KNOWLEDGE ORGANIZATION,09437444,Nomos Verlag,,,,13,1,42,45,,,,,,,http://dx.doi.org/10.5771/0943-7444-1986-1-42,,10.5771/0943-7444-1986-1-42,,,0,,0
004-355-002-719-261,Reports and Communications,,1986,journal article,KNOWLEDGE ORGANIZATION,09437444,Nomos Verlag,,,,13,3,151,152,,,,,,,http://dx.doi.org/10.5771/0943-7444-1986-3-151,,10.5771/0943-7444-1986-3-151,,,0,,0
006-438-974-360-771,"Judge, A.J.N. (Ed.): Encyclopedia of World Problems and Human Potential, 2nd ed. (M.P. Satija)",,1988,journal article,KNOWLEDGE ORGANIZATION,09437444,Nomos Verlag,,,,15,2,104,106,,,,,,,http://dx.doi.org/10.5771/0943-7444-1988-2-104,,10.5771/0943-7444-1988-2-104,,,0,,0
007-362-870-505-647,Classification Literature 15 (1988) No. 3,,1988,journal article,KNOWLEDGE ORGANIZATION,09437444,Nomos Verlag,,,,15,3,175,180,,,,,,,http://dx.doi.org/10.5771/0943-7444-1988-3-175,,10.5771/0943-7444-1988-3-175,,,0,,0
008-179-217-044-797,"A. Gerstenkorn, M. Th. Rolland et al (Eds.): Thesaurus Guide. Analytical directory of selected vocabularies for information retrieval, 1985 (I. Dahlberg)",,1986,journal article,KNOWLEDGE ORGANIZATION,09437444,Nomos Verlag,,,,13,2,105,106,,,,,,,http://dx.doi.org/10.5771/0943-7444-1986-2-105-2,,10.5771/0943-7444-1986-2-105-2,,,0,,0
008-742-336-550-764,Titelei/Inhaltsverzeichnis,,1988,journal article,KNOWLEDGE ORGANIZATION,09437444,Nomos Verlag,,,,15,3,I,III,,,,,,,http://dx.doi.org/10.5771/0943-7444-1988-3-i,,10.5771/0943-7444-1988-3-i,,,0,,0
012-310-615-624-127,"Dhyani, P.: Classification schemes and Indian libraries. 2nd ed. (M.P. Satija)",,1989,journal article,KNOWLEDGE ORGANIZATION,09437444,Nomos Verlag,,,,16,2,112,113,,,,,,,http://dx.doi.org/10.5771/0943-7444-1989-2-112,,10.5771/0943-7444-1989-2-112,,,0,,0
012-698-916-502-565,B.H. Weinberg (Comp.): Education and Training in Indexing and Abstracting (I. Dahlberg),,1986,journal article,KNOWLEDGE ORGANIZATION,09437444,Nomos Verlag,,,,13,2,105,105,,,,,,,http://dx.doi.org/10.5771/0943-7444-1986-2-105-1,,10.5771/0943-7444-1986-2-105-1,,,0,,0
013-839-235-167-629,FID/CR News 21,,1987,journal article,KNOWLEDGE ORGANIZATION,09437444,Nomos Verlag,,,,14,3,159,163,,,,,,,http://dx.doi.org/10.5771/0943-7444-1987-3-159,,10.5771/0943-7444-1987-3-159,,,0,,0
014-978-206-508-734,"W. Gaul, M. Schader (Eds): Classification as a Tool of Research Proc. 9th Ann. Meeting, Classif. Soc. (F.R.G.) (R. Sokal)",,1987,journal article,KNOWLEDGE ORGANIZATION,09437444,Nomos Verlag,,,,14,1,42,42,,,,,,,http://dx.doi.org/10.5771/0943-7444-1987-1-42,,10.5771/0943-7444-1987-1-42,,,0,,0
017-010-950-229-172,Classification and Indexing Research,,1988,journal article,KNOWLEDGE ORGANIZATION,09437444,Nomos Verlag,,,,15,1,28,32,,,,,,,http://dx.doi.org/10.5771/0943-7444-1988-1-28,,10.5771/0943-7444-1988-1-28,,,0,,0
017-192-332-924-020,"Obituary: Jason Edward Louis Farradanc, 1906–1989",,1989,journal article,KNOWLEDGE ORGANIZATION,09437444,Nomos Verlag,,,,16,2,116,116,,,,,,,http://dx.doi.org/10.5771/0943-7444-1989-2-116,,10.5771/0943-7444-1989-2-116,,,0,,0
017-367-092-488-363,Structure of the Thesaurus for Parliamentary Materials. Formal structure and data processing conception (In German). (D. Soergel),,1986,journal article,KNOWLEDGE ORGANIZATION,09437444,Nomos Verlag,,,,13,2,105,105,,,,,,,http://dx.doi.org/10.5771/0943-7444-1986-2-105,,10.5771/0943-7444-1986-2-105,,,0,,0
017-688-394-935-314,UDC: International Medium Edition – English text,,1986,journal article,Knowledge Organization,09437444,International Society for Knowledge Organization,Germany,Amitabha Chatterjee; Gobinda Gopal Choudhury,,13,3,137,141,Library science; Political science,,,,,http://dx.doi.org/10.5771/0943-7444-1986-3-137,http://dx.doi.org/10.5771/0943-7444-1986-3-137,,10.5771/0943-7444-1986-3-137,2889579814,,0,,0
017-716-580-926-185,"Jambu, M., Lebeaux, M.-O.: Cluster analysis and data analysis (P. Ihm)",,1988,journal article,KNOWLEDGE ORGANIZATION,09437444,Nomos Verlag,,,,15,2,99,99,,,,,,,http://dx.doi.org/10.5771/0943-7444-1988-2-99,,10.5771/0943-7444-1988-2-99,,,0,,0
019-221-510-632-075,Classification Literature,,1987,journal article,KNOWLEDGE ORGANIZATION,09437444,Nomos Verlag,,,,14,3,173,187,,,,,,,http://dx.doi.org/10.5771/0943-7444-1987-3-173,,10.5771/0943-7444-1987-3-173,,,0,,0
021-137-490-004-329,Infoterm News,,1988,journal article,KNOWLEDGE ORGANIZATION,09437444,Nomos Verlag,,,,15,2,92,96,,,,,,,http://dx.doi.org/10.5771/0943-7444-1988-2-92,,10.5771/0943-7444-1988-2-92,,,0,,0
022-354-609-676-470,Classification Literature 13 (1986) No. 2,,1986,journal article,KNOWLEDGE ORGANIZATION,09437444,Nomos Verlag,,,,13,2,108,124,,,,,,,http://dx.doi.org/10.5771/0943-7444-1986-2-108,,10.5771/0943-7444-1986-2-108,,,0,,0
022-888-516-545-291,Titelei/Inhaltsverzeichnis,,1987,journal article,KNOWLEDGE ORGANIZATION,09437444,Nomos Verlag,,,,14,2,I,III,,,,,,,http://dx.doi.org/10.5771/0943-7444-1987-2-i,,10.5771/0943-7444-1987-2-i,,,0,,0
023-854-075-990-867,"Index to Vols. 13, 14, and 15",,1988,journal article,KNOWLEDGE ORGANIZATION,09437444,Nomos Verlag,,,,15,3,181,186,,,,,,,http://dx.doi.org/10.5771/0943-7444-1988-3-181,,10.5771/0943-7444-1988-3-181,,,0,,0
024-684-224-477-168,"Craven, T.C.: String Indexing (W. Gödert)",,1988,journal article,KNOWLEDGE ORGANIZATION,09437444,Nomos Verlag,,,,15,2,103,104,,,,,,,http://dx.doi.org/10.5771/0943-7444-1988-2-103-1,,10.5771/0943-7444-1988-2-103-1,,,0,,0
026-626-272-346-370,"Perreault, J.M.: The Idea of Order in Bibliography (H. Beck)",,1987,journal article,KNOWLEDGE ORGANIZATION,09437444,Nomos Verlag,,,,14,2,101,103,,,,,,,http://dx.doi.org/10.5771/0943-7444-1987-2-101,,10.5771/0943-7444-1987-2-101,,,0,,0
026-718-216-695-005,FID/CR 16,,1986,journal article,KNOWLEDGE ORGANIZATION,09437444,Nomos Verlag,,,,13,1,31,34,,,,,,,http://dx.doi.org/10.5771/0943-7444-1986-1-31,,10.5771/0943-7444-1986-1-31,,,0,,0
028-063-710-419-75X,Dt. Bibliotheksinstitut: PRECIS: Für die Anwendung in deutschen Bibliotheken überarbeitet und vereinfachte Form des syntaktischen Indexierungsverfahrens der British Library (J. Austin),,1985,journal article,KNOWLEDGE ORGANIZATION,09437444,Nomos Verlag,,,,12,1,41,43,,,,,,,http://dx.doi.org/10.5771/0943-7444-1985-1-41,,10.5771/0943-7444-1985-1-41,,,0,,0
028-724-091-351-930,"D.J. Lehnus: Book numbers, history, principles and applications. and J.P. Comaromi: Book Numbers. A historical study and practical guide to their use. (M.P. Satija)",,1987,journal article,KNOWLEDGE ORGANIZATION,09437444,Nomos Verlag,,,,14,1,44,46,,,,,,,http://dx.doi.org/10.5771/0943-7444-1987-1-44,,10.5771/0943-7444-1987-1-44,,,0,,0
028-785-371-902-10X,FID/CR News 18,,1986,journal article,KNOWLEDGE ORGANIZATION,09437444,Nomos Verlag,,,,13,3,153,161,,,,,,,http://dx.doi.org/10.5771/0943-7444-1986-3-153,,10.5771/0943-7444-1986-3-153,,,0,,0
031-518-600-375-246,The International Classification and Indexing Bibliography and its Classification Systems,,1985,journal article,Knowledge Organization,09437444,International Society for Knowledge Organization,Germany,Ingetraut Dahlberg,,12,3,143,152,Information retrieval; Computer science; Search engine indexing; Bibliography,,,,,http://dx.doi.org/10.5771/0943-7444-1985-3-143,http://dx.doi.org/10.5771/0943-7444-1985-3-143,,10.5771/0943-7444-1985-3-143,2891082514,,0,,0
031-644-870-541-061,Reports and Communications,,1986,journal article,KNOWLEDGE ORGANIZATION,09437444,Nomos Verlag,,,,13,2,93,95,,,,,,,http://dx.doi.org/10.5771/0943-7444-1986-2-93,,10.5771/0943-7444-1986-2-93,,,0,,0
031-723-414-278-98X,"Salton, G., McGill, M. J.: Information Retrieval: Grundlegendes für Informationswissenschaftler (H. Schnelling)",,1989,journal article,KNOWLEDGE ORGANIZATION,09437444,Nomos Verlag,,,,16,1,47,47,,,,,,,http://dx.doi.org/10.5771/0943-7444-1989-1-47,,10.5771/0943-7444-1989-1-47,,,0,,0
033-021-737-656-531,,,1989,journal issue,KNOWLEDGE ORGANIZATION,09437444,Nomos Verlag,,,,16,1,,,,,,,,,http://dx.doi.org/10.5771/0943-7444-1989-1,,10.5771/0943-7444-1989-1,,,0,,0
034-065-836-324-71X,Titelei/Inhaltsverzeichnis,,1985,journal article,KNOWLEDGE ORGANIZATION,09437444,Nomos Verlag,,,,12,3,I,III,,,,,,,http://dx.doi.org/10.5771/0943-7444-1985-3-i,,10.5771/0943-7444-1985-3-i,,,0,,0
034-072-177-576-563,H. G. Burger. The Wordtree: A transitive cladistic for solving physical and social problems (F. R. Riggs),,1985,journal article,KNOWLEDGE ORGANIZATION,09437444,Nomos Verlag,,,,12,2,108,110,,,,,,,http://dx.doi.org/10.5771/0943-7444-1985-2-108,,10.5771/0943-7444-1985-2-108,,,0,,0
034-112-194-018-022,"Austin, D.: PRECIS: A manual of concept analysis and subject indexing, 2nd ed. (H. Beck)",,1988,journal article,KNOWLEDGE ORGANIZATION,09437444,Nomos Verlag,,,,15,1,37,38,,,,,,,http://dx.doi.org/10.5771/0943-7444-1988-1-37,,10.5771/0943-7444-1988-1-37,,,0,,0
034-442-624-603-689,Titelei/Inhaltsverzeichnis,,1986,journal article,KNOWLEDGE ORGANIZATION,09437444,Nomos Verlag,,,,13,3,I,III,,,,,,,http://dx.doi.org/10.5771/0943-7444-1986-3-i,,10.5771/0943-7444-1986-3-i,,,0,,0
034-619-808-512-192,COCTA News,,1985,journal article,KNOWLEDGE ORGANIZATION,09437444,Nomos Verlag,,,,12,1,27,28,,,,,,,http://dx.doi.org/10.5771/0943-7444-1985-1-27,,10.5771/0943-7444-1985-1-27,,,0,,1
034-647-597-258-304,"Rajagopalan, T.S. (Ed.): Relevance of Ranganathan’s constributions to libraryscience (K.G.B. Bakewell)",,1989,journal article,KNOWLEDGE ORGANIZATION,09437444,Nomos Verlag,,,,16,2,111,112,,,,,,,http://dx.doi.org/10.5771/0943-7444-1989-2-111,,10.5771/0943-7444-1989-2-111,,,0,,0
037-168-999-715-943,Reports and Communications,,1985,journal article,KNOWLEDGE ORGANIZATION,09437444,Nomos Verlag,,,,12,1,20,22,,,,,,,http://dx.doi.org/10.5771/0943-7444-1985-1-20,,10.5771/0943-7444-1985-1-20,,,0,,0
037-550-054-026-10X,Classification – East or West?,,1985,journal article,KNOWLEDGE ORGANIZATION,09437444,Nomos Verlag,,,,12,3,127,127,,,,,,,http://dx.doi.org/10.5771/0943-7444-1985-3-127,,10.5771/0943-7444-1985-3-127,,,0,,0
037-662-650-602-376,"Hildreth, Ch. R.: Intelligent interfaces and retrieval methods for subject searching in bibliographie retrieval systems (H. Schnelling)",,1989,journal article,KNOWLEDGE ORGANIZATION,09437444,Nomos Verlag,,,,16,3,173,175,,,,,,,http://dx.doi.org/10.5771/0943-7444-1989-3-173-1,,10.5771/0943-7444-1989-3-173-1,,,0,,0
037-911-305-822-479,Classification Literature 15 (1988) No. 1,,1988,journal article,KNOWLEDGE ORGANIZATION,09437444,Nomos Verlag,,,,15,1,47,63,,,,,,,http://dx.doi.org/10.5771/0943-7444-1988-1-47,,10.5771/0943-7444-1988-1-47,,,0,,0
039-404-291-169-654,Recommendation for Classification/Empfehlung zur Klassifikation,,1985,journal article,KNOWLEDGE ORGANIZATION,09437444,Nomos Verlag,,,,12,1,23,26,,,,,,,http://dx.doi.org/10.5771/0943-7444-1985-1-23,,10.5771/0943-7444-1985-1-23,,,0,,0
039-945-813-656-700,FID/CR News 22,,1988,journal article,KNOWLEDGE ORGANIZATION,09437444,Nomos Verlag,,,,15,1,25,27,,,,,,,http://dx.doi.org/10.5771/0943-7444-1988-1-25,,10.5771/0943-7444-1988-1-25,,,0,,0
040-059-275-594-045,"Miksa, F.: The subject in the dictionary catalog from Cutter to the present (J. M. Perreault)",,1988,journal article,KNOWLEDGE ORGANIZATION,09437444,Nomos Verlag,,,,15,3,161,164,,,,,,,http://dx.doi.org/10.5771/0943-7444-1988-3-161,,10.5771/0943-7444-1988-3-161,,,0,,0
040-402-493-906-954,Obituary,,1987,journal article,KNOWLEDGE ORGANIZATION,09437444,Nomos Verlag,,,,14,1,46,47,,,,,,,http://dx.doi.org/10.5771/0943-7444-1987-1-46,,10.5771/0943-7444-1987-1-46,,,0,,0
043-369-541-907-626,Classification Literature 15 (1988) No. 2,,1988,journal article,KNOWLEDGE ORGANIZATION,09437444,Nomos Verlag,,,,15,2,109,125,,,,,,,http://dx.doi.org/10.5771/0943-7444-1988-2-109,,10.5771/0943-7444-1988-2-109,,,0,,0
043-566-566-011-802,R. Fugmann: The analytico-synthetic foundation for large indexing and information retrieval systems (L. Kalok),,1985,journal article,KNOWLEDGE ORGANIZATION,09437444,Nomos Verlag,,,,12,2,106,106,,,,,,,http://dx.doi.org/10.5771/0943-7444-1985-2-106,,10.5771/0943-7444-1985-2-106,,,0,,0
043-668-315-848-752,COCTA News,,1986,journal article,KNOWLEDGE ORGANIZATION,09437444,Nomos Verlag,,,,13,2,101,102,,,,,,,http://dx.doi.org/10.5771/0943-7444-1986-2-101,,10.5771/0943-7444-1986-2-101,,,0,,0
044-386-940-841-477,"Capurro, R.: Hermeneutics of special-subject information (M. Buscher)",,1988,journal article,KNOWLEDGE ORGANIZATION,09437444,Nomos Verlag,,,,15,1,42,43,,,,,,,http://dx.doi.org/10.5771/0943-7444-1988-1-42-1,,10.5771/0943-7444-1988-1-42-1,,,0,,0
045-703-659-304-189,P. A. Cochrane; Redesign of Catalogs and Indexes for Improved Online Subject Access: Selected Papers (G. Riesthuis),,1986,journal article,KNOWLEDGE ORGANIZATION,09437444,Nomos Verlag,,,,13,3,168,169,,,,,,,http://dx.doi.org/10.5771/0943-7444-1986-3-168,,10.5771/0943-7444-1986-3-168,,,0,,0
047-257-126-743-678,,,1987,journal issue,KNOWLEDGE ORGANIZATION,09437444,Nomos Verlag,,,,14,1,,,,,,,,,http://dx.doi.org/10.5771/0943-7444-1987-1,,10.5771/0943-7444-1987-1,,,0,,0
050-286-884-355-51X,Clusteranalysis as structure analysis (in German),,1989,journal article,Knowledge Organization,09437444,International Society for Knowledge Organization,Germany,Helfried Schmidt,,16,1,15,23,Regional science; German; Geography; Structure analysis,,,,,http://dx.doi.org/10.5771/0943-7444-1989-1-15,http://dx.doi.org/10.5771/0943-7444-1989-1-15,,10.5771/0943-7444-1989-1-15,2891974972,,0,,0
051-383-179-322-051,"SOUTH, Mary L. (Ed.): Dewey Decimal Classification for School Libraries. British and international edition. Albany, N.Y.: Forest Press 1986. IX,1 79p. ISBN 0-910 608-35-0",,1987,journal article,KNOWLEDGE ORGANIZATION,09437444,Nomos Verlag,,,,14,3,166,167,,,,,,,http://dx.doi.org/10.5771/0943-7444-1987-3-166,,10.5771/0943-7444-1987-3-166,,,0,,0
051-583-490-389-546,Titelei/Inhaltsverzeichnis,,1989,journal article,KNOWLEDGE ORGANIZATION,09437444,Nomos Verlag,,,,16,3,I,III,,,,,,,http://dx.doi.org/10.5771/0943-7444-1989-3-i,,10.5771/0943-7444-1989-3-i,,,0,,0
053-162-652-006-42X,E. Bülow: Der Wortschatz des Ethischen und die Grundwerte-Diskussion (H. Studer),,1985,journal article,KNOWLEDGE ORGANIZATION,09437444,Nomos Verlag,,,,12,1,46,47,,,,,,,http://dx.doi.org/10.5771/0943-7444-1985-1-46,,10.5771/0943-7444-1985-1-46,,,0,,0
053-677-371-093-398,COCTA News,,1988,journal article,KNOWLEDGE ORGANIZATION,09437444,Nomos Verlag,,,,15,1,36,36,,,,,,,http://dx.doi.org/10.5771/0943-7444-1988-1-36,,10.5771/0943-7444-1988-1-36,,,0,,1
055-791-653-154-998,Classification and Complexity,,1986,journal article,KNOWLEDGE ORGANIZATION,09437444,Nomos Verlag,,,,13,2,63,64,,,,,,,http://dx.doi.org/10.5771/0943-7444-1986-2-63,,10.5771/0943-7444-1986-2-63,,,0,,0
057-291-787-525-207,COCTA News,,1985,journal article,KNOWLEDGE ORGANIZATION,09437444,Nomos Verlag,,,,12,2,99,100,,,,,,,http://dx.doi.org/10.5771/0943-7444-1985-2-99,,10.5771/0943-7444-1985-2-99,,,0,,0
057-877-843-140-757,Titelei/Inhaltsverzeichnis,,1985,journal article,KNOWLEDGE ORGANIZATION,09437444,Nomos Verlag,,,,12,2,I,III,,,,,,,http://dx.doi.org/10.5771/0943-7444-1985-2-i,,10.5771/0943-7444-1985-2-i,,,0,,0
057-951-358-607-248,FID/CR News 26,,1989,journal article,KNOWLEDGE ORGANIZATION,09437444,Nomos Verlag,,,,16,3,171,172,,,,,,,http://dx.doi.org/10.5771/0943-7444-1989-3-171,,10.5771/0943-7444-1989-3-171,,,0,,0
058-554-314-977-797,Classification Literature 13 (1986) No. 1,,1986,journal article,KNOWLEDGE ORGANIZATION,09437444,Nomos Verlag,,,,13,1,46,62,,,,,,,http://dx.doi.org/10.5771/0943-7444-1986-1-46,,10.5771/0943-7444-1986-1-46,,,0,,0
061-488-469-417-60X,"Prasher, R. G.: Index and indexing system (M. P. Satija)",,1989,journal article,KNOWLEDGE ORGANIZATION,09437444,Nomos Verlag,,,,16,3,177,177,,,,,,,http://dx.doi.org/10.5771/0943-7444-1989-3-177,,10.5771/0943-7444-1989-3-177,,,0,,0
061-762-757-449-496,The search for generalized information. Treatise IX on Retrieval System Theory (in German),,1985,journal article,Knowledge Organization,09437444,International Society for Knowledge Organization,Germany,Robert Fugmann; Maria Isenberg; Jakob Hermann,,12,1,7,10,Philosophy; German; Linguistics,,,,,http://dx.doi.org/10.5771/0943-7444-1985-1-7-1,http://dx.doi.org/10.5771/0943-7444-1985-1-7-1,,10.5771/0943-7444-1985-1-7-1,2890168854,,0,,0
063-951-733-769-060,COCTA News 1989:1,,1989,journal article,KNOWLEDGE ORGANIZATION,09437444,Nomos Verlag,,,,16,1,41,42,,,,,,,http://dx.doi.org/10.5771/0943-7444-1989-1-41,,10.5771/0943-7444-1989-1-41,,,0,,0
064-124-114-014-504,"L. M. Chan, Ph. Richmond, E. Svenonius: Theory of Subject Analysis A Source Book (M. P. Satija)",,1986,journal article,KNOWLEDGE ORGANIZATION,09437444,Nomos Verlag,,,,13,3,166,168,,,,,,,http://dx.doi.org/10.5771/0943-7444-1986-3-166-1,,10.5771/0943-7444-1986-3-166-1,,,0,,0
064-647-572-560-898,"L. Fahrmeir, A. Hamerle: Multivariate statistische Verfahren. (Multivariate statistical procedures) (H. H. Bock)",,1986,journal article,KNOWLEDGE ORGANIZATION,09437444,Nomos Verlag,,,,13,1,37,37,,,,,,,http://dx.doi.org/10.5771/0943-7444-1986-1-37,,10.5771/0943-7444-1986-1-37,,,0,,0
065-670-152-472-295,Reports and Communications,,1987,journal article,KNOWLEDGE ORGANIZATION,09437444,Nomos Verlag,,,,14,2,90,90,,,,,,,http://dx.doi.org/10.5771/0943-7444-1987-2-90,,10.5771/0943-7444-1987-2-90,,,0,,0
066-023-492-384-553,M. De Mey: The Cognitive Paradigm. Cognitive Science (N. Meder),,1985,journal article,KNOWLEDGE ORGANIZATION,09437444,Nomos Verlag,,,,12,1,36,37,,,,,,,http://dx.doi.org/10.5771/0943-7444-1985-1-36,,10.5771/0943-7444-1985-1-36,,,0,,0
066-334-613-680-331,Infoterm News,,1988,journal article,KNOWLEDGE ORGANIZATION,09437444,Nomos Verlag,,,,15,1,33,35,,,,,,,http://dx.doi.org/10.5771/0943-7444-1988-1-33,,10.5771/0943-7444-1988-1-33,,,0,,0
067-413-706-778-022,New Uses for Old Schemes,,1986,journal article,KNOWLEDGE ORGANIZATION,09437444,Nomos Verlag,,,,13,3,125,125,,,,,,,http://dx.doi.org/10.5771/0943-7444-1986-3-125,,10.5771/0943-7444-1986-3-125,,,0,,0
068-380-469-005-269,Titelei/Inhaltsverzeichnis,,1985,journal article,KNOWLEDGE ORGANIZATION,09437444,Nomos Verlag,,,,12,1,I,III,,,,,,,http://dx.doi.org/10.5771/0943-7444-1985-1-i,,10.5771/0943-7444-1985-1-i,,,0,,0
071-137-719-163-47X,M. K. Momeni: Socio-cultural factors affecting the adaptation of the Dewey Decimal Classification in the Middle East (M. P. Satija),,1985,journal article,KNOWLEDGE ORGANIZATION,09437444,Nomos Verlag,,,,12,1,39,41,,,,,,,http://dx.doi.org/10.5771/0943-7444-1985-1-39,,10.5771/0943-7444-1985-1-39,,,0,,0
072-014-733-020-607,Classification Literature 14 (1987) No. 1,,1987,journal article,KNOWLEDGE ORGANIZATION,09437444,Nomos Verlag,,,,14,1,48,64,,,,,,,http://dx.doi.org/10.5771/0943-7444-1987-1-48,,10.5771/0943-7444-1987-1-48,,,0,,0
075-844-428-792-223,"Artificial Intelligence as a Tool of Classification, or: The Network of Language Games as Cognitive Paradigm",,1985,journal article,Knowledge Organization,09437444,International Society for Knowledge Organization,Germany,Norbert Meder,,12,3,128,132,Artificial intelligence; Cognitive paradigm; Computer science,,,,,http://dx.doi.org/10.5771/0943-7444-1985-3-128,http://dx.doi.org/10.5771/0943-7444-1985-3-128,,10.5771/0943-7444-1985-3-128,2889901683,,0,,0
075-965-300-582-105,P. N. Kaula: A treatise on Colon Classification (M. P. Satija),,1985,journal article,KNOWLEDGE ORGANIZATION,09437444,Nomos Verlag,,,,12,2,112,113,,,,,,,http://dx.doi.org/10.5771/0943-7444-1985-2-112,,10.5771/0943-7444-1985-2-112,,,0,,0
077-375-344-813-967,"Butler, Ch.: Computers in Linguistics (B. Endres-Niggemeyer)",,1987,journal article,KNOWLEDGE ORGANIZATION,09437444,Nomos Verlag,,,,14,2,109,109,,,,,,,http://dx.doi.org/10.5771/0943-7444-1987-2-109,,10.5771/0943-7444-1987-2-109,,,0,,0
077-752-002-305-293,"Walne, P. (Ed.): Dictionary of Archival Terminology: Dictionnaire de Terminologie Archivistique (F. Riggs)",,1987,journal article,KNOWLEDGE ORGANIZATION,09437444,Nomos Verlag,,,,14,2,107,109,,,,,,,http://dx.doi.org/10.5771/0943-7444-1987-2-107,,10.5771/0943-7444-1987-2-107,,,0,,0
078-187-498-161-197,L. M. Harrod: Harrod’s librarians glossary of terms ... and reference book. 5th ed. (M. P. Satija),,1985,journal article,KNOWLEDGE ORGANIZATION,09437444,Nomos Verlag,,,,12,3,164,165,,,,,,,http://dx.doi.org/10.5771/0943-7444-1985-3-164,,10.5771/0943-7444-1985-3-164,,,0,,0
078-798-498-611-867,Editions of the ICD and other health-related classification systems,,1989,journal article,Knowledge Organization,09437444,International Society for Knowledge Organization,Germany,Elisabeth Berg-Schorn,,16,3,157,159,Health related; Family medicine; Medicine,,,,,http://dx.doi.org/10.5771/0943-7444-1989-3-157,http://dx.doi.org/10.5771/0943-7444-1989-3-157,,10.5771/0943-7444-1989-3-157,2892245494,,0,,0
079-596-235-199-680,Titelei/Inhaltsverzeichnis,,1986,journal article,KNOWLEDGE ORGANIZATION,09437444,Nomos Verlag,,,,13,2,I,III,,,,,,,http://dx.doi.org/10.5771/0943-7444-1986-2-i,,10.5771/0943-7444-1986-2-i,,,0,,0
082-227-521-216-554,Editorial,,1988,journal article,KNOWLEDGE ORGANIZATION,09437444,Nomos Verlag,,,,15,1,1,1,,,,,,,http://dx.doi.org/10.5771/0943-7444-1988-1-1,,10.5771/0943-7444-1988-1-1,,,0,,0
082-585-572-764-622,Classification Literature 12 (1985) No. 3,,1985,journal article,KNOWLEDGE ORGANIZATION,09437444,Nomos Verlag,,,,12,3,166,182,,,,,,,http://dx.doi.org/10.5771/0943-7444-1985-3-166,,10.5771/0943-7444-1985-3-166,,,0,,0
083-332-876-497-122,COCTA News,,1986,journal article,KNOWLEDGE ORGANIZATION,09437444,Nomos Verlag,,,,13,3,165,165,,,,,,,http://dx.doi.org/10.5771/0943-7444-1986-3-165,,10.5771/0943-7444-1986-3-165,,,0,,0
084-203-207-332-457,Classification Literature 14 (1987) No. 2,,1987,journal article,KNOWLEDGE ORGANIZATION,09437444,Nomos Verlag,,,,14,2,110,125,,,,,,,http://dx.doi.org/10.5771/0943-7444-1987-2-110,,10.5771/0943-7444-1987-2-110,,,0,,0
084-550-850-815-569,,,1985,journal issue,KNOWLEDGE ORGANIZATION,09437444,Nomos Verlag,,,,12,2,,,,,,,,,http://dx.doi.org/10.5771/0943-7444-1985-2,,10.5771/0943-7444-1985-2,,,0,,0
085-752-934-582-864,"Förschner, F.: Eine Theorie zum Schlagwortkatalog (A theory of the alphabetical subject catalogue) (W. Bies)",,1988,journal article,KNOWLEDGE ORGANIZATION,09437444,Nomos Verlag,,,,15,3,164,164,,,,,,,http://dx.doi.org/10.5771/0943-7444-1988-3-164,,10.5771/0943-7444-1988-3-164,,,0,,0
086-039-575-614-926,B. Lorenz: Sytematische Aufstellung in deutschen wissenschaftlichen Bibliotheken. (Systematic shelvig in German scientific libraries) (G. Heinrich),,1986,journal article,KNOWLEDGE ORGANIZATION,09437444,Nomos Verlag,,,,13,1,37,38,,,,,,,http://dx.doi.org/10.5771/0943-7444-1986-1-37-1,,10.5771/0943-7444-1986-1-37-1,,,0,,0
086-262-451-015-130,Titelei/Inhaltsverzeichnis,,1989,journal article,KNOWLEDGE ORGANIZATION,09437444,Nomos Verlag,,,,16,1,I,III,,,,,,,http://dx.doi.org/10.5771/0943-7444-1989-1-i,,10.5771/0943-7444-1989-1-i,,,0,,0
088-117-556-437-614,"Kapur, Sh.: Classification and cataloguing. A select bibliography (W. Bies)",,1989,journal article,KNOWLEDGE ORGANIZATION,09437444,Nomos Verlag,,,,16,1,44,45,,,,,,,http://dx.doi.org/10.5771/0943-7444-1989-1-44,,10.5771/0943-7444-1989-1-44,,,0,,0
088-131-445-467-897,"Dykstra, M.: PRECIS: A primer (H. Schnelling)",,1988,journal article,KNOWLEDGE ORGANIZATION,09437444,Nomos Verlag,,,,15,2,103,103,,,,,,,http://dx.doi.org/10.5771/0943-7444-1988-2-103,,10.5771/0943-7444-1988-2-103,,,0,,0
088-195-528-188-132,Editorial,,1989,journal article,KNOWLEDGE ORGANIZATION,09437444,Nomos Verlag,,,,16,1,1,2,,,,,,,http://dx.doi.org/10.5771/0943-7444-1989-1-1,,10.5771/0943-7444-1989-1-1,,,0,,0
090-129-055-053-364,COCTA News 1989-2,,1989,journal article,KNOWLEDGE ORGANIZATION,09437444,Nomos Verlag,,,,16,2,109,110,,,,,,,http://dx.doi.org/10.5771/0943-7444-1989-2-109,,10.5771/0943-7444-1989-2-109,,,0,,0
090-414-638-752-768,"Rowley, J.E.: Abstracting and indexing, 2nd ed. (W. Bies)",,1989,journal article,KNOWLEDGE ORGANIZATION,09437444,Nomos Verlag,,,,16,2,113,115,,,,,,,http://dx.doi.org/10.5771/0943-7444-1989-2-113,,10.5771/0943-7444-1989-2-113,,,0,,0
092-399-799-336-642,FID/CR News 24,,1988,journal article,KNOWLEDGE ORGANIZATION,09437444,Nomos Verlag,,,,15,3,149,154,,,,,,,http://dx.doi.org/10.5771/0943-7444-1988-3-149,,10.5771/0943-7444-1988-3-149,,,0,,0
093-638-543-320-323,Classification Literature 12 (1985) No. 2,,1985,journal article,KNOWLEDGE ORGANIZATION,09437444,Nomos Verlag,,,,12,2,114,126,,,,,,,http://dx.doi.org/10.5771/0943-7444-1985-2-114,,10.5771/0943-7444-1985-2-114,,,0,,0
093-732-907-929-350,,,1989,journal issue,KNOWLEDGE ORGANIZATION,09437444,Nomos Verlag,,,,16,2,,,,,,,,,http://dx.doi.org/10.5771/0943-7444-1989-2,,10.5771/0943-7444-1989-2,,,0,,0
095-335-512-940-129,Reports and Communications,,1985,journal article,KNOWLEDGE ORGANIZATION,09437444,Nomos Verlag,,,,12,3,153,154,,,,,,,http://dx.doi.org/10.5771/0943-7444-1985-3-153,,10.5771/0943-7444-1985-3-153,,,0,,0
096-664-399-911-089,,,1986,journal issue,KNOWLEDGE ORGANIZATION,09437444,Nomos Verlag,,,,13,1,,,,,,,,,http://dx.doi.org/10.5771/0943-7444-1986-1,,10.5771/0943-7444-1986-1,,,0,,0
097-002-864-428-361,J. Richardson: Models of reality. Shaping thought and action (H. Löckenhoff),,1985,journal article,KNOWLEDGE ORGANIZATION,09437444,Nomos Verlag,,,,12,1,37,39,,,,,,,http://dx.doi.org/10.5771/0943-7444-1985-1-37,,10.5771/0943-7444-1985-1-37,,,0,,0
099-431-847-695-781,Infoterm News,,1986,journal article,KNOWLEDGE ORGANIZATION,09437444,Nomos Verlag,,,,13,3,161,164,,,,,,,http://dx.doi.org/10.5771/0943-7444-1986-3-161,,10.5771/0943-7444-1986-3-161,,,0,,0
099-510-230-252-61X,Classification and Indexing Research. Current Bibliography,,1985,journal article,KNOWLEDGE ORGANIZATION,09437444,Nomos Verlag,,,,12,2,105,105,,,,,,,http://dx.doi.org/10.5771/0943-7444-1985-2-105,,10.5771/0943-7444-1985-2-105,,,0,,0
099-963-452-448-011,FID/CR News,,1986,journal article,KNOWLEDGE ORGANIZATION,09437444,Nomos Verlag,,,,13,2,96,100,,,,,,,http://dx.doi.org/10.5771/0943-7444-1986-2-96,,10.5771/0943-7444-1986-2-96,,,0,,0
100-553-441-699-642,Classification Literature 12 (1985) No. 1,,1985,journal article,KNOWLEDGE ORGANIZATION,09437444,Nomos Verlag,,,,12,1,48,62,,,,,,,http://dx.doi.org/10.5771/0943-7444-1985-1-48,,10.5771/0943-7444-1985-1-48,,,0,,0
101-657-669-371-400,"W. Dahlberg: Ordnung, Sein und Bewußtsein (Order, Being and Consciousness) (W. Nedobity)",,1985,journal article,KNOWLEDGE ORGANIZATION,09437444,Nomos Verlag,,,,12,2,107,107,,,,,,,http://dx.doi.org/10.5771/0943-7444-1985-2-107,,10.5771/0943-7444-1985-2-107,,,0,,0
103-351-281-957-940,Natural law and evolution. II. Towards a natural classification of order,,1986,journal article,KNOWLEDGE ORGANIZATION,09437444,Nomos Verlag,Germany,Wolfgang Dahlberg,,13,2,65,72,,,,,,,http://dx.doi.org/10.5771/0943-7444-1986-2-65,,10.5771/0943-7444-1986-2-65,,,0,,0
103-782-661-565-29X,"Gerstenkorn, A., Stöcker, A.: Die Aufwecker. (The awakeners) (M. Ockenfeld)",,1989,journal article,KNOWLEDGE ORGANIZATION,09437444,Nomos Verlag,,,,16,3,176,177,,,,,,,http://dx.doi.org/10.5771/0943-7444-1989-3-176,,10.5771/0943-7444-1989-3-176,,,0,,0
104-639-294-247-613,"Ganter, B., Wille, R., Wolff, K. F. (Eds.): Beiträge zur Begriffsanalyse (Contributions to concept analysis) (G. Bauer)",,1989,journal article,KNOWLEDGE ORGANIZATION,09437444,Nomos Verlag,,,,16,1,43,44,,,,,,,http://dx.doi.org/10.5771/0943-7444-1989-1-43,,10.5771/0943-7444-1989-1-43,,,0,,0
104-724-843-057-000,Infoterm News,,1988,journal article,KNOWLEDGE ORGANIZATION,09437444,Nomos Verlag,,,,15,3,155,158,,,,,,,http://dx.doi.org/10.5771/0943-7444-1988-3-155,,10.5771/0943-7444-1988-3-155,,,0,,0
104-885-005-899-927,FID/CR News 15,,1985,journal article,KNOWLEDGE ORGANIZATION,09437444,Nomos Verlag,,,,12,3,155,158,,,,,,,http://dx.doi.org/10.5771/0943-7444-1985-3-155,,10.5771/0943-7444-1985-3-155,,,0,,0
105-018-419-182-88X,"Dahlberg, I. (Ed.): Klassifikation als Werkzeug der Lehre und Forschung (Classifikation as a tool in teaching and research) (Bauer)",,1988,journal article,KNOWLEDGE ORGANIZATION,09437444,Nomos Verlag,,,,15,2,99,100,,,,,,,http://dx.doi.org/10.5771/0943-7444-1988-2-99-1,,10.5771/0943-7444-1988-2-99-1,,,0,,0
105-650-021-186-986,"Harter, St.P.: Online information retrieval: Concepts, principles and techniques (H. Sträter)",,1988,journal article,KNOWLEDGE ORGANIZATION,09437444,Nomos Verlag,,,,15,2,107,108,,,,,,,http://dx.doi.org/10.5771/0943-7444-1988-2-107,,10.5771/0943-7444-1988-2-107,,,0,,0
106-928-254-257-52X,S. Berman: Subject cataloging. Critiques and innovations (J. Perreault),,1985,journal article,KNOWLEDGE ORGANIZATION,09437444,Nomos Verlag,,,,12,3,162,164,,,,,,,http://dx.doi.org/10.5771/0943-7444-1985-3-162,,10.5771/0943-7444-1985-3-162,,,0,,0
107-764-847-284-572,"MATURANA, Humberto ; VARELA, Francisco: Der Baum der Erkenntnis. Die biologischen Wurzeln des menschlichen Erkennens. (The tree of cognition. The biological roots of human cognition). Bern-MOOchen Wien: Scherz-Verlag 1987. 280 p., DM 44.- ISBN 3-501- 13440-5. Transl.from Spanish (El arbol del conocimien to) by Kurt Ludewig.",,1987,journal article,KNOWLEDGE ORGANIZATION,09437444,Nomos Verlag,,,,14,3,170,172,,,,,,,http://dx.doi.org/10.5771/0943-7444-1987-3-170,,10.5771/0943-7444-1987-3-170,,,0,,0
112-640-740-245-262,Titelei/Inhaltsverzeichnis,,1989,journal article,KNOWLEDGE ORGANIZATION,09437444,Nomos Verlag,,,,16,2,I,III,,,,,,,http://dx.doi.org/10.5771/0943-7444-1989-2-i,,10.5771/0943-7444-1989-2-i,,,0,,0
115-163-808-408-276,"Ranganathan, S. R.: Colon Classification Edition 7 (Basic and Depth Version). Vol 1 Schedules for Classification (M. P. Satija)",,1988,journal article,KNOWLEDGE ORGANIZATION,09437444,Nomos Verlag,,,,15,3,166,170,,,,,,,http://dx.doi.org/10.5771/0943-7444-1988-3-166,,10.5771/0943-7444-1988-3-166,,,0,,0
115-475-998-001-153,Colon Classification. Literature Analysis 1970–1984,,1985,journal article,Knowledge Organization,09437444,International Society for Knowledge Organization,Germany,M.P. Satija,,12,3,133,142,Internal medicine; Oncology; Colon classification; Computer science,,,,,http://dx.doi.org/10.5771/0943-7444-1985-3-133,http://dx.doi.org/10.5771/0943-7444-1985-3-133,,10.5771/0943-7444-1985-3-133,2890334676,,0,,1
115-773-702-376-331,Classification and Philosophy,,1987,journal article,KNOWLEDGE ORGANIZATION,09437444,Nomos Verlag,,,,14,1,1,1,,,,,,,http://dx.doi.org/10.5771/0943-7444-1987-1-1,,10.5771/0943-7444-1987-1-1,,,0,,0
117-532-589-357-248,K. Harris: The Dickens House Classification (H. Schnelling),,1986,journal article,KNOWLEDGE ORGANIZATION,09437444,Nomos Verlag,,,,13,3,166,166,,,,,,,http://dx.doi.org/10.5771/0943-7444-1986-3-166,,10.5771/0943-7444-1986-3-166,,,0,,0
119-135-300-358-105,COCTA News,,1987,journal article,KNOWLEDGE ORGANIZATION,09437444,Nomos Verlag,,,,14,1,39,41,,,,,,,http://dx.doi.org/10.5771/0943-7444-1987-1-39,,10.5771/0943-7444-1987-1-39,,,0,,0
119-621-906-028-526,,,1985,journal issue,KNOWLEDGE ORGANIZATION,09437444,Nomos Verlag,,,,12,3,,,,,,,,,http://dx.doi.org/10.5771/0943-7444-1985-3,,10.5771/0943-7444-1985-3,,,0,,0
120-259-594-438-249,"J. Mills, V. Broughton: Bliss Bibliographic Classification. Second Edition: Class K, Society (F.W. Riggs)",,1987,journal article,KNOWLEDGE ORGANIZATION,09437444,Nomos Verlag,,,,14,1,42,44,,,,,,,http://dx.doi.org/10.5771/0943-7444-1987-1-42-1,,10.5771/0943-7444-1987-1-42-1,,,0,,0
120-896-119-556-109,"Wynar, B.S.: Introduction to Cataloging and Classification (M.P. Satija)",,1988,journal article,KNOWLEDGE ORGANIZATION,09437444,Nomos Verlag,,,,15,1,39,40,,,,,,,http://dx.doi.org/10.5771/0943-7444-1988-1-39,,10.5771/0943-7444-1988-1-39,,,0,,0
121-162-988-812-390,,,1988,journal issue,KNOWLEDGE ORGANIZATION,09437444,Nomos Verlag,,,,15,3,,,,,,,,,http://dx.doi.org/10.5771/0943-7444-1988-3,,10.5771/0943-7444-1988-3,,,0,,0
121-425-808-534-55X,FID/CR News 19,,1987,journal article,KNOWLEDGE ORGANIZATION,09437444,Nomos Verlag,,,,14,1,29,35,,,,,,,http://dx.doi.org/10.5771/0943-7444-1987-1-29,,10.5771/0943-7444-1987-1-29,,,0,,0
122-664-163-708-616,,,1985,journal issue,KNOWLEDGE ORGANIZATION,09437444,Nomos Verlag,,,,12,1,,,,,,,,,http://dx.doi.org/10.5771/0943-7444-1985-1,,10.5771/0943-7444-1985-1,,,0,,0
122-709-042-066-115,Infoterm News,,1989,journal article,KNOWLEDGE ORGANIZATION,09437444,Nomos Verlag,,,,16,2,104,109,,,,,,,http://dx.doi.org/10.5771/0943-7444-1989-2-104,,10.5771/0943-7444-1989-2-104,,,0,,0
123-456-861-241-996,"LANCASTER, F.W.: Vocabulary Control for Infonna tion Retrieval. 2nd ed. Arlington, VA: Information Resources Press 1986. 270p., 57 figs., ISBN 0-87815- 053-6",,1987,journal article,KNOWLEDGE ORGANIZATION,09437444,Nomos Verlag,,,,14,3,164,166,,,,,,,http://dx.doi.org/10.5771/0943-7444-1987-3-164,,10.5771/0943-7444-1987-3-164,,,0,,0
124-330-274-887-947,FID/CR News 14,,1985,journal article,KNOWLEDGE ORGANIZATION,09437444,Nomos Verlag,,,,12,2,101,104,,,,,,,http://dx.doi.org/10.5771/0943-7444-1985-2-101,,10.5771/0943-7444-1985-2-101,,,0,,0
124-884-942-937-175,The vocabulary switching system. Description of evaluation studies,,1985,journal article,KNOWLEDGE ORGANIZATION,09437444,Nomos Verlag,Germany,Robert Niehoff; Greg Mack,,12,1,7,7,,,,,,,http://dx.doi.org/10.5771/0943-7444-1985-1-7,,10.5771/0943-7444-1985-1-7,,,0,,0
125-732-363-746-95X,"Reinitzer, S., Gossler, M.: Nachschlagetechniken in der Wissenschaft (Reference techniques in science) (W. Bies)",,1989,journal article,KNOWLEDGE ORGANIZATION,09437444,Nomos Verlag,,,,16,1,46,47,,,,,,,http://dx.doi.org/10.5771/0943-7444-1989-1-46,,10.5771/0943-7444-1989-1-46,,,0,,0
126-492-908-161-81X,COCTA News,,1988,journal article,KNOWLEDGE ORGANIZATION,09437444,Nomos Verlag,,,,15,3,159,160,,,,,,,http://dx.doi.org/10.5771/0943-7444-1988-3-159,,10.5771/0943-7444-1988-3-159,,,0,,0
127-577-383-777-839,Interest in Classification,,1985,journal article,KNOWLEDGE ORGANIZATION,09437444,Nomos Verlag,,,,12,2,65,65,,,,,,,http://dx.doi.org/10.5771/0943-7444-1985-2-65,,10.5771/0943-7444-1985-2-65,,,0,,1
128-567-261-761-182,P. S. K. Sharma: Depth schedules: Indian philosophy and religions for Dewey Decimal Classification. (M. P. Satija),,1986,journal article,KNOWLEDGE ORGANIZATION,09437444,Nomos Verlag,,,,13,1,40,42,,,,,,,http://dx.doi.org/10.5771/0943-7444-1986-1-40,,10.5771/0943-7444-1986-1-40,,,0,,0
128-710-700-811-567,An outline of a non-linguistic approach to subject relationships,,1985,journal article,Knowledge Organization,09437444,International Society for Knowledge Organization,Germany,Thomas Johansen,,12,2,73,79,Psychology; Linguistics,,,,,http://dx.doi.org/10.5771/0943-7444-1985-2-73,http://dx.doi.org/10.5771/0943-7444-1985-2-73,,10.5771/0943-7444-1985-2-73,2893857578,,0,,1
130-119-362-206-762,"Sartori, G.: Social science concepts: A systematic analysis (P. Jaenecke)",,1988,journal article,KNOWLEDGE ORGANIZATION,09437444,Nomos Verlag,,,,15,3,171,174,,,,,,,http://dx.doi.org/10.5771/0943-7444-1988-3-171-1,,10.5771/0943-7444-1988-3-171-1,,,0,,0
131-263-708-344-605,"Satija, M.P.: A primer on Ranganathan’s book numbers (P. A. Cochrane)",,1988,journal article,KNOWLEDGE ORGANIZATION,09437444,Nomos Verlag,,,,15,2,102,103,,,,,,,http://dx.doi.org/10.5771/0943-7444-1988-2-102,,10.5771/0943-7444-1988-2-102,,,0,,0
131-978-330-579-304,"Hoffmann, L.: Kommunikationsmittel Fachsprache (Special language as a communication medium. 2nd ed.) (H. Bühler)",,1989,journal article,KNOWLEDGE ORGANIZATION,09437444,Nomos Verlag,,,,16,1,51,51,,,,,,,http://dx.doi.org/10.5771/0943-7444-1989-1-51,,10.5771/0943-7444-1989-1-51,,,0,,0
132-170-969-208-218,,,1988,journal issue,KNOWLEDGE ORGANIZATION,09437444,Nomos Verlag,,,,15,1,,,,,,,,,http://dx.doi.org/10.5771/0943-7444-1988-1,,10.5771/0943-7444-1988-1,,,0,,0
135-760-024-858-173,M.A. Gopinath: Construction of Depth Version of Colon Classification. A Manual (M.P. Satija),,1986,journal article,KNOWLEDGE ORGANIZATION,09437444,Nomos Verlag,,,,13,2,106,107,,,,,,,http://dx.doi.org/10.5771/0943-7444-1986-2-106,,10.5771/0943-7444-1986-2-106,,,0,,0
136-552-649-218-109,Classification and its Practice,,1988,journal article,KNOWLEDGE ORGANIZATION,09437444,Nomos Verlag,,,,15,2,63,63,,,,,,,http://dx.doi.org/10.5771/0943-7444-1988-2-63,,10.5771/0943-7444-1988-2-63,,,0,,0
136-569-463-684-807,"Bock, H.H. (Ed.): Classification and Related Methods of Data Analysis. Proceedings of the 1st Conf. of the IFCS, Aachen 1987 (P. Jaenecke)",,1989,journal article,KNOWLEDGE ORGANIZATION,09437444,Nomos Verlag,,,,16,2,115,115,,,,,,,http://dx.doi.org/10.5771/0943-7444-1989-2-115,,10.5771/0943-7444-1989-2-115,,,0,,0
136-637-675-196-698,COCTA News,,1985,journal article,KNOWLEDGE ORGANIZATION,09437444,Nomos Verlag,,,,12,3,159,160,,,,,,,http://dx.doi.org/10.5771/0943-7444-1985-3-159,,10.5771/0943-7444-1985-3-159,,,0,,1
136-801-586-681-458,Titelei/Inhaltsverzeichnis,,1986,journal article,KNOWLEDGE ORGANIZATION,09437444,Nomos Verlag,,,,13,1,I,III,,,,,,,http://dx.doi.org/10.5771/0943-7444-1986-1-i,,10.5771/0943-7444-1986-1-i,,,0,,0
136-956-871-110-343,Knowledge structures promotingproblem solutions,,1989,journal article,Knowledge Organization,09437444,International Society for Knowledge Organization,Germany,Gerd Bauer,,16,2,73,81,Computer science; Management science,,,,,http://dx.doi.org/10.5771/0943-7444-1989-2-73,http://dx.doi.org/10.5771/0943-7444-1989-2-73,,10.5771/0943-7444-1989-2-73,2889752194,,0,,0
137-251-358-739-219,"Neet, H. E.: A la recherche du mot clé. Analyse documentaire et l’indexation alphabétique (In search of the keyword. Document analysis and alphabetical indexing) (W. Bies)",,1989,journal article,KNOWLEDGE ORGANIZATION,09437444,Nomos Verlag,,,,16,3,175,176,,,,,,,http://dx.doi.org/10.5771/0943-7444-1989-3-175,,10.5771/0943-7444-1989-3-175,,,0,,0
137-688-901-439-026,G. Rondeau: Introduction à la terminologie (R. Arntz),,1985,journal article,KNOWLEDGE ORGANIZATION,09437444,Nomos Verlag,,,,12,1,44,45,,,,,,,http://dx.doi.org/10.5771/0943-7444-1985-1-44,,10.5771/0943-7444-1985-1-44,,,0,,0
138-103-521-422-900,"DRESS, Andreas; HENDRICHS, Hubert; KOPPERS, GUnter (Eds.): Selbstorganisation. Die Entstehung von Ordnung in Natur und Gesellschaft. (Self· Organization. The origin of order in nature and society). MUnchen ZUrich: Piper 1986. 234p. ISBN 3-492-03077-7",,1987,journal article,KNOWLEDGE ORGANIZATION,09437444,Nomos Verlag,,,,14,3,168,170,,,,,,,http://dx.doi.org/10.5771/0943-7444-1987-3-168,,10.5771/0943-7444-1987-3-168,,,0,,0
141-436-740-088-045,"Czap, H.; Galinski, Ch. (Eds.): Terminology and knowledge engineering. Proceedings. Int. Congress, Sept. 29–Oct. 1, 1987 (P. Jaenecke)",,1989,journal article,KNOWLEDGE ORGANIZATION,09437444,Nomos Verlag,,,,16,3,177,180,,,,,,,http://dx.doi.org/10.5771/0943-7444-1989-3-177-1,,10.5771/0943-7444-1989-3-177-1,,,0,,0
141-585-627-840-708,Titelei/Inhaltsverzeichnis,,1988,journal article,KNOWLEDGE ORGANIZATION,09437444,Nomos Verlag,,,,15,2,I,III,,,,,,,http://dx.doi.org/10.5771/0943-7444-1988-2-i,,10.5771/0943-7444-1988-2-i,,,0,,0
145-406-040-089-133,Classification in online information systems (in German),,1986,journal article,Knowledge Organization,09437444,International Society for Knowledge Organization,Germany,Otto Oberhauser,,13,2,79,87,German; Information system; Information retrieval; Computer science,,,,,http://dx.doi.org/10.5771/0943-7444-1986-2-79,http://dx.doi.org/10.5771/0943-7444-1986-2-79,,10.5771/0943-7444-1986-2-79,2891831721,,0,,0
146-800-642-299-498,"Dutz, K. D.: Studien zur Klassifikation, Systematik und Terminologie Theorie und Praxis (Studies on classification, systematics and terminology) (H. Bühler)",,1988,journal article,KNOWLEDGE ORGANIZATION,09437444,Nomos Verlag,,,,15,3,165,166,,,,,,,http://dx.doi.org/10.5771/0943-7444-1988-3-165,,10.5771/0943-7444-1988-3-165,,,0,,0
147-058-466-875-574,"Panyr, J.: Automatic classification and information retrieval (D. Soergel)",,1988,journal article,KNOWLEDGE ORGANIZATION,09437444,Nomos Verlag,,,,15,1,42,42,,,,,,,http://dx.doi.org/10.5771/0943-7444-1988-1-42,,10.5771/0943-7444-1988-1-42,,,0,,0
147-506-164-853-130,Reports and Communications,,1988,journal article,KNOWLEDGE ORGANIZATION,09437444,Nomos Verlag,,,,15,3,145,148,,,,,,,http://dx.doi.org/10.5771/0943-7444-1988-3-145,,10.5771/0943-7444-1988-3-145,,,0,,0
148-420-941-361-421,"Pörksen, U.: Deutsche Naturwissenschaftssprachen, historische und kritische Studien (German special science languages; historical and critical studies) (H. Leclercq)",,1989,journal article,KNOWLEDGE ORGANIZATION,09437444,Nomos Verlag,,,,16,3,173,173,,,,,,,http://dx.doi.org/10.5771/0943-7444-1989-3-173,,10.5771/0943-7444-1989-3-173,,,0,,0
150-360-229-386-799,FID/CR News 23,,1988,journal article,KNOWLEDGE ORGANIZATION,09437444,Nomos Verlag,,,,15,2,89,91,,,,,,,http://dx.doi.org/10.5771/0943-7444-1988-2-89,,10.5771/0943-7444-1988-2-89,,,0,,0
151-259-663-561-254,"Aitchison, J. Gilchrist, A.: Thesaurus construction. A practical manual, 2nd ed. (R. Fugmann)",,1988,journal article,KNOWLEDGE ORGANIZATION,09437444,Nomos Verlag,,,,15,2,101,102,,,,,,,http://dx.doi.org/10.5771/0943-7444-1988-2-101,,10.5771/0943-7444-1988-2-101,,,0,,0
152-026-584-182-722,COCTA News,,1986,journal article,KNOWLEDGE ORGANIZATION,09437444,Nomos Verlag,,,,13,1,35,36,,,,,,,http://dx.doi.org/10.5771/0943-7444-1986-1-35,,10.5771/0943-7444-1986-1-35,,,0,,0
153-350-781-961-689,Classification Literature 16 (1989) No. 3,,1989,journal article,KNOWLEDGE ORGANIZATION,09437444,Nomos Verlag,,,,16,3,181,195,,,,,,,http://dx.doi.org/10.5771/0943-7444-1989-3-181,,10.5771/0943-7444-1989-3-181,,,0,,0
153-954-041-449-353,F. W. Riggs: The CONTA Conference. Proceedings ... (G. Hartwieg),,1985,journal article,KNOWLEDGE ORGANIZATION,09437444,Nomos Verlag,,,,12,3,161,162,,,,,,,http://dx.doi.org/10.5771/0943-7444-1985-3-161,,10.5771/0943-7444-1985-3-161,,,0,,0
156-094-603-268-899,Reports and Communications,,1988,journal article,KNOWLEDGE ORGANIZATION,09437444,Nomos Verlag,,,,15,2,85,88,,,,,,,http://dx.doi.org/10.5771/0943-7444-1988-2-85,,10.5771/0943-7444-1988-2-85,,,0,,0
156-334-238-628-293,H.H. Wellisch: Indexing and Abstracting 1977–1981. An International Bibliography (I. Dahlberg),,1986,journal article,KNOWLEDGE ORGANIZATION,09437444,Nomos Verlag,,,,13,2,103,103,,,,,,,http://dx.doi.org/10.5771/0943-7444-1986-2-103,,10.5771/0943-7444-1986-2-103,,,0,,0
156-531-228-814-212,Titelei/Inhaltsverzeichnis,,1987,journal article,KNOWLEDGE ORGANIZATION,09437444,Nomos Verlag,,,,14,1,I,III,,,,,,,http://dx.doi.org/10.5771/0943-7444-1987-1-i,,10.5771/0943-7444-1987-1-i,,,0,,0
157-401-296-253-198,"The Founding of the „International Society for Knowledge Organization“, Frankfurt, July 22, 1989",,1989,journal article,KNOWLEDGE ORGANIZATION,09437444,Nomos Verlag,,,,16,2,71,72,,,,,,,http://dx.doi.org/10.5771/0943-7444-1989-2-71,,10.5771/0943-7444-1989-2-71,,,0,,0
158-410-229-144-961,,,1987,journal issue,KNOWLEDGE ORGANIZATION,09437444,Nomos Verlag,,,,14,2,,,,,,,,,http://dx.doi.org/10.5771/0943-7444-1987-2,,10.5771/0943-7444-1987-2,,,0,,0
158-831-659-782-977,,,1988,journal issue,KNOWLEDGE ORGANIZATION,09437444,Nomos Verlag,,,,15,2,,,,,,,,,http://dx.doi.org/10.5771/0943-7444-1988-2,,10.5771/0943-7444-1988-2,,,0,,0
158-937-839-599-665,Cocta News,,1987,journal article,KNOWLEDGE ORGANIZATION,09437444,Nomos Verlag,,,,14,3,157,158,,,,,,,http://dx.doi.org/10.5771/0943-7444-1987-3-157,,10.5771/0943-7444-1987-3-157,,,0,,0
159-374-530-996-89X,H. Felber: Terminology Manual (I. Dahlberg),,1985,journal article,KNOWLEDGE ORGANIZATION,09437444,Nomos Verlag,,,,12,1,45,46,,,,,,,http://dx.doi.org/10.5771/0943-7444-1985-1-45,,10.5771/0943-7444-1985-1-45,,,0,,0
160-515-843-736-062,Reports and Communications,,1989,journal article,KNOWLEDGE ORGANIZATION,09437444,Nomos Verlag,,,,16,3,160,162,,,,,,,http://dx.doi.org/10.5771/0943-7444-1989-3-160,,10.5771/0943-7444-1989-3-160,,,0,,0
160-743-814-893-901,"Hunter, E. J.: Classification – made simple (M. P. Satija)",,1989,journal article,KNOWLEDGE ORGANIZATION,09437444,Nomos Verlag,,,,16,1,49,50,,,,,,,http://dx.doi.org/10.5771/0943-7444-1989-1-49,,10.5771/0943-7444-1989-1-49,,,0,,0
160-895-398-688-126,"Dykstra, M.: PRECIS: A primer (H. Schnelling)",,1988,journal article,KNOWLEDGE ORGANIZATION,09437444,Nomos Verlag,,,,15,1,38,39,,,,,,,http://dx.doi.org/10.5771/0943-7444-1988-1-38,,10.5771/0943-7444-1988-1-38,,,0,,0
160-997-508-756-829,Classification and indexing languages in Poland (1974–1986). Pt. 2,,1987,journal article,KNOWLEDGE ORGANIZATION,09437444,Nomos Verlag,,Lucyna Anna Bielicka; Janusz Paciejewski; Eugeniusz Scibor,,14,2,85,89,,,,,,,http://dx.doi.org/10.5771/0943-7444-1987-2-85,,10.5771/0943-7444-1987-2-85,,,0,,0
163-078-551-745-289,Neue Regelwerke zum Schlagwortkatalog: eine Einführung in RSWK und PRECIS. (New rules for the subject catalog: An introduction to RSWK and PRECIS) (W. Gödert),,1986,journal article,KNOWLEDGE ORGANIZATION,09437444,Nomos Verlag,,,,13,1,38,39,,,,,,,http://dx.doi.org/10.5771/0943-7444-1986-1-38,,10.5771/0943-7444-1986-1-38,,,0,,0
163-351-551-769-12X,Infoterm News,,1987,journal article,KNOWLEDGE ORGANIZATION,09437444,Nomos Verlag,,,,14,1,36,39,,,,,,,http://dx.doi.org/10.5771/0943-7444-1987-1-36,,10.5771/0943-7444-1987-1-36,,,0,,0
163-718-520-186-050,Classification Literature 13 (1986) No.3,,1986,journal article,KNOWLEDGE ORGANIZATION,09437444,Nomos Verlag,,,,13,3,170,186,,,,,,,http://dx.doi.org/10.5771/0943-7444-1986-3-170,,10.5771/0943-7444-1986-3-170,,,0,,0
164-059-534-141-320,,,1989,journal issue,KNOWLEDGE ORGANIZATION,09437444,Nomos Verlag,,,,16,3,,,,,,,,,http://dx.doi.org/10.5771/0943-7444-1989-3,,10.5771/0943-7444-1989-3,,,0,,0
164-107-320-118-217,Infoterm News,,1989,journal article,KNOWLEDGE ORGANIZATION,09437444,Nomos Verlag,,,,16,1,37,40,,,,,,,http://dx.doi.org/10.5771/0943-7444-1989-1-37,,10.5771/0943-7444-1989-1-37,,,0,,0
164-350-307-594-569,Reports and Communications,,1989,journal article,KNOWLEDGE ORGANIZATION,09437444,Nomos Verlag,,,,16,2,101,103,,,,,,,http://dx.doi.org/10.5771/0943-7444-1989-2-101,,10.5771/0943-7444-1989-2-101,,,0,,0
166-050-120-618-32X,K. Weishaupt: Sacherschließung in Bibliotheken und Bibliographien. 1. Klassifikatorische Sacherschließung. (Subject analysis in libraries and Bibliographies. Vol. 1: Classificatory subject analysis) (W. Gödert),,1986,journal article,KNOWLEDGE ORGANIZATION,09437444,Nomos Verlag,,,,13,1,39,40,,,,,,,http://dx.doi.org/10.5771/0943-7444-1986-1-39,,10.5771/0943-7444-1986-1-39,,,0,,0
168-229-380-386-521,"Preusche, A.: Geometrische Form als semiotisches Phänomen (Geometric shape as a semiotic phenomenon. (H. Löckenhoff)",,1988,journal article,KNOWLEDGE ORGANIZATION,09437444,Nomos Verlag,,,,15,3,171,171,,,,,,,http://dx.doi.org/10.5771/0943-7444-1988-3-171,,10.5771/0943-7444-1988-3-171,,,0,,0
168-332-797-546-522,"Lustig, G. (Ed.): Automatische Indexierung zwischen Forschung und Anwendung (Automatic indexing between research and application) (B. Endres-Niggemeyer)",,1989,journal article,KNOWLEDGE ORGANIZATION,09437444,Nomos Verlag,,,,16,1,50,51,,,,,,,http://dx.doi.org/10.5771/0943-7444-1989-1-50,,10.5771/0943-7444-1989-1-50,,,0,,0
169-326-346-979-279,"Ballmer, T.T., Brennenstuhl, W.: German verbs (E. Mater)",,1988,journal article,KNOWLEDGE ORGANIZATION,09437444,Nomos Verlag,,,,15,1,43,44,,,,,,,http://dx.doi.org/10.5771/0943-7444-1988-1-43,,10.5771/0943-7444-1988-1-43,,,0,,0
170-175-223-827-486,Expert Systems and Classification,,1985,journal article,KNOWLEDGE ORGANIZATION,09437444,Nomos Verlag,,,,12,1,1,6,,,,,,,http://dx.doi.org/10.5771/0943-7444-1985-1-1,,10.5771/0943-7444-1985-1-1,,,0,,0
170-737-435-893-188,,,1986,journal issue,KNOWLEDGE ORGANIZATION,09437444,Nomos Verlag,,,,13,2,,,,,,,,,http://dx.doi.org/10.5771/0943-7444-1986-2,,10.5771/0943-7444-1986-2,,,0,,0
171-080-011-369-57X,Knowledge organization and the humanities and some other new features of this issue,,1989,journal article,KNOWLEDGE ORGANIZATION,09437444,Nomos Verlag,,,,16,3,133,133,,,,,,,http://dx.doi.org/10.5771/0943-7444-1989-3-133,,10.5771/0943-7444-1989-3-133,,,0,,0
171-528-728-859-755,"Judge, A.J.N. (Coord.): Global Action Networks. Classified Directory by Subject and Region, 4th ed. (M. P. Satija)",,1988,journal article,KNOWLEDGE ORGANIZATION,09437444,Nomos Verlag,,,,15,2,106,107,,,,,,,http://dx.doi.org/10.5771/0943-7444-1988-2-106,,10.5771/0943-7444-1988-2-106,,,0,,0
172-540-796-271-775,Natural Law and Evolution. Towards a natural classification of order. Pt. I,,1986,journal article,KNOWLEDGE ORGANIZATION,09437444,Nomos Verlag,,Wolfgang Dahlberg,,13,1,1,8,,,,,,,http://dx.doi.org/10.5771/0943-7444-1986-1-1,,10.5771/0943-7444-1986-1-1,,,0,,0
175-031-038-730-868,FID/CR News 25,,1989,journal article,KNOWLEDGE ORGANIZATION,09437444,Nomos Verlag,,,,16,1,30,36,,,,,,,http://dx.doi.org/10.5771/0943-7444-1989-1-30,,10.5771/0943-7444-1989-1-30,,,0,,1
175-460-833-281-980,COCTA News,,1988,journal article,KNOWLEDGE ORGANIZATION,09437444,Nomos Verlag,,,,15,2,97,98,,,,,,,http://dx.doi.org/10.5771/0943-7444-1988-2-97,,10.5771/0943-7444-1988-2-97,,,0,,0
176-193-401-412-994,"Degens, P.O., Hermes, H.-J., Opitz, O. (Eds.): Die Klassifikation und ihr Umfeld (Classification and its environment) (P. Jaenecke)",,1987,journal article,KNOWLEDGE ORGANIZATION,09437444,Nomos Verlag,,,,14,2,104,107,,,,,,,http://dx.doi.org/10.5771/0943-7444-1987-2-104,,10.5771/0943-7444-1987-2-104,,,0,,0
177-112-525-249-876,Classification Literature 16 (1989) No. 2,,1989,journal article,KNOWLEDGE ORGANIZATION,09437444,Nomos Verlag,,,,16,2,117,132,,,,,,,http://dx.doi.org/10.5771/0943-7444-1989-2-117,,10.5771/0943-7444-1989-2-117,,,0,,0
178-359-900-244-315,,,1986,journal issue,KNOWLEDGE ORGANIZATION,09437444,Nomos Verlag,,,,13,3,,,,,,,,,http://dx.doi.org/10.5771/0943-7444-1986-3,,10.5771/0943-7444-1986-3,,,0,,0
178-869-880-331-672,"T.S. Rajagopalan (Ed.): Ranganathan’s Philosophy: Assessment, Impact and Relevance (K.G.B. Bakewell)",,1986,journal article,KNOWLEDGE ORGANIZATION,09437444,Nomos Verlag,,,,13,2,103,105,,,,,,,http://dx.doi.org/10.5771/0943-7444-1986-2-103-1,,10.5771/0943-7444-1986-2-103-1,,,0,,0
179-411-153-260-080,FID/CR News 20,,1987,journal article,KNOWLEDGE ORGANIZATION,09437444,Nomos Verlag,,,,14,2,91,95,,,,,,,http://dx.doi.org/10.5771/0943-7444-1987-2-91,,10.5771/0943-7444-1987-2-91,,,0,,0
180-550-048-509-265,Reports and Communications,,1986,journal article,KNOWLEDGE ORGANIZATION,09437444,Nomos Verlag,,,,13,1,29,30,,,,,,,http://dx.doi.org/10.5771/0943-7444-1986-1-29,,10.5771/0943-7444-1986-1-29,,,0,,0
181-006-683-468-447,Infoterm News,,1987,journal article,KNOWLEDGE ORGANIZATION,09437444,Nomos Verlag,,,,14,2,97,100,,,,,,,http://dx.doi.org/10.5771/0943-7444-1987-2-97,,10.5771/0943-7444-1987-2-97,,,0,,0
182-976-375-635-948,"Index to Vols. 10, 11, and 12",,1985,journal article,KNOWLEDGE ORGANIZATION,09437444,Nomos Verlag,,,,12,3,183,188,,,,,,,http://dx.doi.org/10.5771/0943-7444-1985-3-183,,10.5771/0943-7444-1985-3-183,,,0,,0
184-143-396-608-961,"Fidel, R.: Database design for information retrieval: a conceptual approach (H. Schnelling)",,1989,journal article,KNOWLEDGE ORGANIZATION,09437444,Nomos Verlag,,,,16,1,48,48,,,,,,,http://dx.doi.org/10.5771/0943-7444-1989-1-48,,10.5771/0943-7444-1989-1-48,,,0,,0
185-849-546-693-112,"Prytherch, R.: Harrod’s Librarians’ Glossary of Terms (E. Sauppe)",,1988,journal article,KNOWLEDGE ORGANIZATION,09437444,Nomos Verlag,,,,15,1,41,42,,,,,,,http://dx.doi.org/10.5771/0943-7444-1988-1-41,,10.5771/0943-7444-1988-1-41,,,0,,0
189-098-330-144-06X,"Satija, M. P., Comaromi, J. P.: Introduction to the practice of the Dewey Decimal Classification (H. Wellisch)",,1988,journal article,KNOWLEDGE ORGANIZATION,09437444,Nomos Verlag,,,,15,1,40,41,,,,,,,http://dx.doi.org/10.5771/0943-7444-1988-1-40,,10.5771/0943-7444-1988-1-40,,,0,,0
189-369-829-636-882,Reports and Communications,,1989,journal article,KNOWLEDGE ORGANIZATION,09437444,Nomos Verlag,,,,16,1,27,29,,,,,,,http://dx.doi.org/10.5771/0943-7444-1989-1-27,,10.5771/0943-7444-1989-1-27,,,0,,0
189-513-935-328-983,"Nalimov, V.V.: Space, time, and life. The probabilistic pathways of evolution (H. Löckenhoff)",,1988,journal article,KNOWLEDGE ORGANIZATION,09437444,Nomos Verlag,,,,15,1,44,46,,,,,,,http://dx.doi.org/10.5771/0943-7444-1988-1-44,,10.5771/0943-7444-1988-1-44,,,0,,0
189-539-563-202-09X,"Tharp, A. L., File organization and processing. (H.-J. Schek)",,1989,journal article,KNOWLEDGE ORGANIZATION,09437444,Nomos Verlag,,,,16,1,48,49,,,,,,,http://dx.doi.org/10.5771/0943-7444-1989-1-48-1,,10.5771/0943-7444-1989-1-48-1,,,0,,1
190-796-460-999-529,M. J. Greenacre: Theory and application of correspondence analysis (H. H. Bock),,1985,journal article,KNOWLEDGE ORGANIZATION,09437444,Nomos Verlag,,,,12,2,107,108,,,,,,,http://dx.doi.org/10.5771/0943-7444-1985-2-107-1,,10.5771/0943-7444-1985-2-107-1,,,0,,0
191-930-858-910-29X,M. P. Satija: Manual of practical Colon Classification (I. Dahlberg),,1985,journal article,KNOWLEDGE ORGANIZATION,09437444,Nomos Verlag,,,,12,3,165,165,,,,,,,http://dx.doi.org/10.5771/0943-7444-1985-3-165,,10.5771/0943-7444-1985-3-165,,,0,,0
193-939-179-518-943,Classification and Indexing Research. Current Bibliography,,1985,journal article,KNOWLEDGE ORGANIZATION,09437444,Nomos Verlag,,,,12,1,33,35,,,,,,,http://dx.doi.org/10.5771/0943-7444-1985-1-33,,10.5771/0943-7444-1985-1-33,,,0,,0
194-681-917-768-153,"Maniez, J.: Les langages documentaires et classificatoires: conception, construction et utilisation dans Ics systems documentaires (R. Bouche)",,1988,journal article,KNOWLEDGE ORGANIZATION,09437444,Nomos Verlag,,,,15,2,100,101,,,,,,,http://dx.doi.org/10.5771/0943-7444-1988-2-100,,10.5771/0943-7444-1988-2-100,,,0,,0
195-062-384-466-841,Titelei/Inhaltsverzeichnis,,1987,journal article,KNOWLEDGE ORGANIZATION,09437444,Nomos Verlag,,,,14,3,I,I,,,,,,,http://dx.doi.org/10.5771/0943-7444-1987-3-i,,10.5771/0943-7444-1987-3-i,,,0,,0
195-467-852-275-268,COCTA News,,1987,journal article,KNOWLEDGE ORGANIZATION,09437444,Nomos Verlag,,,,14,2,96,96,,,,,,,http://dx.doi.org/10.5771/0943-7444-1987-2-96,,10.5771/0943-7444-1987-2-96,,,0,,0
195-896-377-697-394,Infoterm News,,1987,journal article,KNOWLEDGE ORGANIZATION,09437444,Nomos Verlag,,,,14,3,155,156,,,,,,,http://dx.doi.org/10.5771/0943-7444-1987-3-155,,10.5771/0943-7444-1987-3-155,,,0,,0
196-599-179-998-247,"G. Stevenson, S. Stevenson: Reference services and technical services: Interactions in library practice (J. M. Perreault)",,1985,journal article,KNOWLEDGE ORGANIZATION,09437444,Nomos Verlag,,,,12,2,110,112,,,,,,,http://dx.doi.org/10.5771/0943-7444-1985-2-110,,10.5771/0943-7444-1985-2-110,,,0,,0
196-937-677-657-137,"M. L. Brodie, J. Mylopoulos, J. W. Schmidt: On conceptual modelling. Perspectives from artificial intelligence, databases, and programming languages. (D. Soergel)",,1986,journal article,KNOWLEDGE ORGANIZATION,09437444,Nomos Verlag,,,,13,1,45,45,,,,,,,http://dx.doi.org/10.5771/0943-7444-1986-1-45,,10.5771/0943-7444-1986-1-45,,,0,,0
197-860-572-965-305,ISKO News,,1989,journal article,KNOWLEDGE ORGANIZATION,09437444,Nomos Verlag,,,,16,3,163,170,,,,,,,http://dx.doi.org/10.5771/0943-7444-1989-3-163,,10.5771/0943-7444-1989-3-163,,,0,,0
199-856-401-197-277,Classification Literature 16 (1989) No. 1,,1989,journal article,KNOWLEDGE ORGANIZATION,09437444,Nomos Verlag,,,,16,1,52,70,,,,,,,http://dx.doi.org/10.5771/0943-7444-1989-1-52,,10.5771/0943-7444-1989-1-52,,,0,,2
