,Lens ID,036-149-448-029-082,060-372-899-346-10X,116-085-787-369-516,027-396-266-532-738,046-376-269-492-795,066-382-980-653-77X,007-409-477-173-741,025-320-084-599-970,045-388-908-940-286,062-055-064-561-85X,097-421-372-053-520,131-292-364-160-556,059-611-580-408-33X,116-509-832-503-46X,063-359-887-330-154,179-132-294-510-213,043-454-317-567-459,061-018-838-320-648,078-881-949-441-033,118-102-398-817-762
0,000-189-988-224-76X,0.028037119492024726,0.03762908816729364,0.0,0.0,0.0,0.0,0.0,0.0,0.0,0.0,0.0,0.0,0.0,0.0,0.0,0.0,0.0,0.0,0.0,0.0
1,000-251-444-646-256,0.009520007826976675,0.05310731040726999,0.0,0.0,0.0,0.0,0.0,0.0,0.0,0.0,0.0,0.0,0.0,0.0,0.0,0.0,0.0,0.0,0.0,0.0
2,002-733-369-145-420,0.05470897724530094,0.0344969147135827,0.0,0.0,0.0,0.0,0.0,0.0,0.0,0.0,0.0,0.0,0.0,0.0,0.0,0.0,0.0,0.0,0.0,0.0
3,006-260-890-457-159,0.05709925513963021,0.009344705008606654,0.0,0.0,0.0,0.0,0.0,0.0,0.0,0.0,0.0,0.0,0.0,0.0,0.0,0.0,0.0,0.0,0.0,0.0
4,023-752-023-695-957,0.02684096514506305,0.020332093710709234,0.0,0.0,0.0,0.0,0.0,0.0,0.0,0.0,0.0,0.0,0.0,0.0,0.0,0.0,0.0,0.0,0.0,0.0
5,033-140-945-207-53X,0.02009675646455426,0.05348972374788774,0.0,0.0,0.0,0.0,0.0,0.0,0.0,0.0,0.0,0.0,0.0,0.0,0.0,0.0,0.0,0.0,0.0,0.0
6,039-088-632-836-477,0.02734252178279107,0.005174996825799365,0.0,0.0,0.0,0.0,0.0,0.0,0.0,0.0,0.0,0.0,0.0,0.0,0.0,0.0,0.0,0.0,0.0,0.0
7,046-402-144-705-650,0.024090816133012723,0.05843736756125003,0.0,0.0,0.0,0.0,0.0,0.0,0.0,0.0,0.0,0.0,0.0,0.0,0.0,0.0,0.0,0.0,0.0,0.0
8,050-238-052-849-254,0.015664375654138408,0.047401354839283746,0.0,0.0,0.0,0.0,0.0,0.0,0.0,0.0,0.0,0.0,0.0,0.0,0.0,0.0,0.0,0.0,0.0,0.0
9,054-305-338-343-34X,0.014121503680342446,0.0028470532837415997,0.0,0.0,0.0,0.0,0.0,0.0,0.0,0.0,0.0,0.0,0.0,0.0,0.0,0.0,0.0,0.0,0.0,0.0
10,054-597-134-280-815,0.012061175144215583,0.08338943182038289,0.0,0.0,0.0,0.0,0.0,0.0,0.0,0.0,0.0,0.0,0.0,0.0,0.0,0.0,0.0,0.0,0.0,0.0
11,066-611-818-335-788,0.018532730535688467,0.05360264323891525,0.0,0.0,0.0,0.0,0.0,0.0,0.0,0.0,0.0,0.0,0.0,0.0,0.0,0.0,0.0,0.0,0.0,0.0
12,072-262-854-270-373,0.029814478335398156,0.007874728513298884,0.0,0.0,0.0,0.0,0.0,0.0,0.0,0.0,0.0,0.0,0.0,0.0,0.0,0.0,0.0,0.0,0.0,0.0
13,078-451-133-512-02X,0.02016312241793624,0.06154278292733308,0.0,0.0,0.0,0.0,0.0,0.0,0.0,0.0,0.0,0.0,0.0,0.0,0.0,0.0,0.0,0.0,0.0,0.0
14,096-969-589-679-820,0.03887598620715123,0.02634009186166885,0.0,0.0,0.0,0.0,0.0,0.0,0.0,0.0,0.0,0.0,0.0,0.0,0.0,0.0,0.0,0.0,0.0,0.0
15,103-683-153-528-499,0.013844001948690645,0.01960937302672004,0.0,0.0,0.0,0.0,0.0,0.0,0.0,0.0,0.0,0.0,0.0,0.0,0.0,0.0,0.0,0.0,0.0,0.0
16,106-258-436-803-499,0.005488526192137792,0.01644913367800207,0.0,0.0,0.0,0.0,0.0,0.0,0.0,0.0,0.0,0.0,0.0,0.0,0.0,0.0,0.0,0.0,0.0,0.0
17,129-335-229-947-343,0.00514263469225005,0.05841401883390991,0.0,0.0,0.0,0.0,0.0,0.0,0.0,0.0,0.0,0.0,0.0,0.0,0.0,0.0,0.0,0.0,0.0,0.0
18,132-396-141-682-245,0.018266679149424928,0.05891645599026153,0.0,0.0,0.0,0.0,0.0,0.0,0.0,0.0,0.0,0.0,0.0,0.0,0.0,0.0,0.0,0.0,0.0,0.0
19,170-177-625-955-412,0.024637841780298847,0.023688087091787643,0.0,0.0,0.0,0.0,0.0,0.0,0.0,0.0,0.0,0.0,0.0,0.0,0.0,0.0,0.0,0.0,0.0,0.0
20,182-158-356-687-801,0.015959623254400257,0.01861464720490466,0.0,0.0,0.0,0.0,0.0,0.0,0.0,0.0,0.0,0.0,0.0,0.0,0.0,0.0,0.0,0.0,0.0,0.0
21,187-701-961-076-877,0.015193958616455611,0.045977844230371864,0.0,0.0,0.0,0.0,0.0,0.0,0.0,0.0,0.0,0.0,0.0,0.0,0.0,0.0,0.0,0.0,0.0,0.0
22,001-542-585-753-06X,0.0,0.0,0.04394831508581558,0.0,0.0,0.0,0.0,0.0,0.0,0.0,0.0,0.0,0.0,0.0,0.0,0.0,0.0,0.0,0.0,0.0
23,002-768-931-855-543,0.0,0.0,0.02427645513511402,0.0,0.0,0.0,0.0,0.0,0.0,0.0,0.0,0.0,0.0,0.0,0.0,0.0,0.0,0.0,0.0,0.0
24,002-908-019-710-006,0.0,0.0,0.020533728409733203,0.0,0.0,0.0,0.0,0.0,0.0,0.0,0.0,0.0,0.0,0.0,0.0,0.0,0.0,0.0,0.0,0.0
25,010-165-399-327-919,0.0,0.0,0.015328110928647503,0.0,0.0,0.0,0.0,0.0,0.0,0.0,0.0,0.0,0.0,0.0,0.0,0.0,0.0,0.0,0.0,0.0
26,013-636-309-273-433,0.0,0.0,0.019657758187036016,0.0,0.0,0.0,0.0,0.0,0.0,0.0,0.0,0.0,0.0,0.0,0.0,0.0,0.0,0.0,0.0,0.0
27,013-764-041-525-607,0.0,0.0,0.030712797316067093,0.0,0.0,0.0,0.0,0.0,0.0,0.0,0.0,0.0,0.0,0.0,0.0,0.0,0.0,0.0,0.0,0.0
28,024-276-265-590-973,0.0,0.0,0.07614032971239469,0.0,0.0,0.0,0.0,0.0,0.0,0.0,0.0,0.0,0.0,0.0,0.0,0.0,0.0,0.0,0.0,0.0
29,032-707-667-937-548,0.0,0.0,0.025345976699058782,0.0,0.0,0.0,0.0,0.0,0.0,0.0,0.0,0.0,0.0,0.0,0.0,0.0,0.0,0.0,0.0,0.0
30,034-374-636-579-338,0.0,0.0,0.030476576257655118,0.0,0.0,0.0,0.0,0.0,0.0,0.0,0.0,0.0,0.0,0.0,0.0,0.0,0.0,0.0,0.0,0.0
31,044-198-652-180-16X,0.0,0.0,0.03027105698966345,0.0,0.0,0.0,0.0,0.0,0.0,0.0,0.0,0.0,0.0,0.0,0.0,0.0,0.0,0.0,0.0,0.0
32,046-947-454-102-783,0.0,0.0,0.04258064310046619,0.0,0.0,0.0,0.0,0.0,0.0,0.0,0.0,0.0,0.0,0.0,0.0,0.0,0.0,0.0,0.0,0.0
33,048-107-503-236-974,0.0,0.0,0.030616351552457993,0.0,0.0,0.0,0.0,0.0,0.0,0.0,0.0,0.0,0.0,0.0,0.0,0.0,0.0,0.0,0.0,0.0
34,053-719-795-895-127,0.0,0.0,0.04992555155864789,0.0,0.0,0.0,0.0,0.0,0.0,0.0,0.0,0.0,0.0,0.0,0.0,0.0,0.0,0.0,0.0,0.0
35,056-146-827-136-55X,0.0,0.0,0.007156852780602034,0.0,0.0,0.0,0.0,0.0,0.0,0.0,0.0,0.0,0.0,0.0,0.0,0.0,0.0,0.0,0.0,0.0
36,057-466-204-899-197,0.0,0.0,0.06458274016954361,0.0,0.0,0.0,0.0,0.0,0.0,0.0,0.0,0.0,0.0,0.0,0.0,0.0,0.0,0.0,0.0,0.0
37,067-195-084-305-016,0.0,0.0,0.023088585185518748,0.0,0.0,0.0,0.0,0.0,0.0,0.0,0.0,0.0,0.0,0.0,0.0,0.0,0.0,0.0,0.0,0.0
38,067-245-023-581-167,0.0,0.0,0.035703129007967134,0.0,0.0,0.0,0.0,0.0,0.0,0.0,0.0,0.0,0.0,0.0,0.0,0.0,0.0,0.0,0.0,0.0
39,068-347-597-479-448,0.0,0.0,0.0434674968405678,0.0,0.0,0.0,0.0,0.0,0.0,0.0,0.0,0.0,0.0,0.0,0.0,0.0,0.0,0.0,0.0,0.0
40,073-054-463-858-866,0.0,0.0,0.02294872378627206,0.0,0.0,0.0,0.0,0.0,0.0,0.0,0.0,0.0,0.0,0.0,0.0,0.0,0.0,0.0,0.0,0.0
41,074-632-781-234-90X,0.0,0.0,0.01923794597001199,0.0,0.0,0.0,0.0,0.0,0.0,0.0,0.0,0.0,0.0,0.0,0.0,0.0,0.0,0.0,0.0,0.0
42,077-954-762-700-03X,0.0,0.0,0.03687069202276577,0.0,0.0,0.0,0.0,0.0,0.0,0.0,0.0,0.0,0.0,0.0,0.0,0.0,0.0,0.0,0.0,0.0
43,090-891-932-202-646,0.0,0.0,0.042522910543588914,0.0,0.0,0.0,0.0,0.0,0.0,0.0,0.0,0.0,0.0,0.0,0.0,0.0,0.0,0.0,0.0,0.0
44,109-321-719-727-13X,0.0,0.0,0.03228592981924153,0.0,0.0,0.0,0.0,0.0,0.0,0.0,0.0,0.0,0.0,0.0,0.0,0.0,0.0,0.0,0.0,0.0
45,110-502-601-552-555,0.0,0.0,0.0250077950821838,0.0,0.0,0.0,0.0,0.0,0.0,0.0,0.0,0.0,0.0,0.0,0.0,0.0,0.0,0.0,0.0,0.0
46,111-417-084-591-248,0.0,0.0,0.03122966323464329,0.0,0.0,0.0,0.0,0.0,0.0,0.0,0.0,0.0,0.0,0.0,0.0,0.0,0.0,0.0,0.0,0.0
47,115-384-194-385-151,0.0,0.0,0.008384145578020736,0.0,0.0,0.0,0.0,0.0,0.0,0.0,0.0,0.0,0.0,0.0,0.0,0.0,0.0,0.0,0.0,0.0
48,118-400-153-349-767,0.0,0.0,0.04464689138903723,0.0,0.0,0.0,0.0,0.0,0.0,0.0,0.0,0.0,0.0,0.0,0.0,0.0,0.0,0.0,0.0,0.0
49,129-809-003-331-783,0.0,0.0,0.04061564652910566,0.0,0.0,0.0,0.0,0.0,0.0,0.0,0.0,0.0,0.0,0.0,0.0,0.0,0.0,0.0,0.0,0.0
50,132-693-568-339-041,0.0,0.0,0.02583051856692265,0.0,0.0,0.0,0.0,0.0,0.0,0.0,0.0,0.0,0.0,0.0,0.0,0.0,0.0,0.0,0.0,0.0
51,138-254-519-618-953,0.0,0.0,0.0581539854023522,0.0,0.0,0.0,0.0,0.0,0.0,0.0,0.0,0.0,0.0,0.0,0.0,0.0,0.0,0.0,0.0,0.0
52,154-969-566-820-758,0.0,0.0,0.026226604952952842,0.0,0.0,0.0,0.0,0.0,0.0,0.0,0.0,0.0,0.0,0.0,0.0,0.0,0.0,0.0,0.0,0.0
53,165-093-106-271-191,0.0,0.0,0.06812724525203513,0.0,0.0,0.0,0.0,0.0,0.0,0.0,0.0,0.0,0.0,0.0,0.0,0.0,0.0,0.0,0.0,0.0
54,169-888-128-565-929,0.0,0.0,0.0,0.0,0.0,0.0,0.0,0.0,0.0,0.0,0.0,0.0,0.0,0.0,0.0,0.0,0.0,0.0,0.0,0.0
55,180-658-270-170-05X,0.0,0.0,0.0005302557440386175,0.0,0.0,0.0,0.0,0.0,0.0,0.0,0.0,0.0,0.0,0.0,0.0,0.0,0.0,0.0,0.0,0.0
56,001-254-322-670-872,0.0,0.0,0.0,0.05320927094962573,0.015342756384345482,0.05256391818163258,0.0,0.0,0.0,0.0,0.0,0.0,0.0,0.0,0.0,0.0,0.0,0.0,0.0,0.0
57,006-948-163-366-774,0.0,0.0,0.0,0.028159131175056404,0.007294131700994287,0.02101636198105731,0.0,0.0,0.0,0.0,0.0,0.0,0.0,0.0,0.0,0.0,0.0,0.0,0.0,0.0
58,013-302-417-490-03X,0.0,0.0,0.0,0.03545751187133868,0.01709541361724766,0.003263369097106866,0.0,0.0,0.0,0.0,0.0,0.0,0.0,0.0,0.0,0.0,0.0,0.0,0.0,0.0
59,013-996-415-887-147,0.0,0.0,0.0,0.018504460046541542,0.009324018988498103,0.005241044852864937,0.0,0.0,0.0,0.0,0.0,0.0,0.0,0.0,0.0,0.0,0.0,0.0,0.0,0.0
60,030-902-854-635-052,0.0,0.0,0.0,0.046923149610571244,0.007970906325626945,0.038336272476576484,0.0,0.0,0.0,0.0,0.0,0.0,0.0,0.0,0.0,0.0,0.0,0.0,0.0,0.0
61,031-740-156-435-499,0.0,0.0,0.0,0.023468573866563792,0.025823364088467738,0.026899595075111277,0.0,0.0,0.0,0.0,0.0,0.0,0.0,0.0,0.0,0.0,0.0,0.0,0.0,0.0
62,033-100-558-536-10X,0.0,0.0,0.0,0.05841417545207608,0.019262364318772957,0.01603310775846453,0.0,0.0,0.0,0.0,0.0,0.0,0.0,0.0,0.0,0.0,0.0,0.0,0.0,0.0
63,039-890-704-429-132,0.0,0.0,0.0,0.033606625784954824,0.041162208030468724,0.018974750764377726,0.0,0.0,0.0,0.0,0.0,0.0,0.0,0.0,0.0,0.0,0.0,0.0,0.0,0.0
64,054-076-780-075-898,0.0,0.0,0.0,0.04212885971797687,0.026916581744413554,0.02810716718346241,0.0,0.0,0.0,0.0,0.0,0.0,0.0,0.0,0.0,0.0,0.0,0.0,0.0,0.0
65,056-414-859-740-557,0.0,0.0,0.0,0.04668528107270559,0.020285892306317176,0.007037762969559586,0.0,0.0,0.0,0.0,0.0,0.0,0.0,0.0,0.0,0.0,0.0,0.0,0.0,0.0
66,057-230-358-061-61X,0.0,0.0,0.0,0.05470450924924216,0.042577476868484364,0.04165206939393315,0.0,0.0,0.0,0.0,0.0,0.0,0.0,0.0,0.0,0.0,0.0,0.0,0.0,0.0
67,071-572-690-596-47X,0.0,0.0,0.0,0.047613455883968,0.07326554552798474,0.04941443425743246,0.0,0.0,0.0,0.0,0.0,0.0,0.0,0.0,0.0,0.0,0.0,0.0,0.0,0.0
68,086-157-478-708-338,0.0,0.0,0.0,0.06477447715015498,0.039572340921476316,0.016428494491572736,0.0,0.0,0.0,0.0,0.0,0.0,0.0,0.0,0.0,0.0,0.0,0.0,0.0,0.0
69,087-931-774-679-603,0.0,0.0,0.0,0.02107679462682183,0.031385305993547566,0.03351570014895795,0.0,0.0,0.0,0.0,0.0,0.0,0.0,0.0,0.0,0.0,0.0,0.0,0.0,0.0
70,088-963-079-143-906,0.0,0.0,0.0,0.030311483383137907,0.02101723827477396,0.011871102945872822,0.0,0.0,0.0,0.0,0.0,0.0,0.0,0.0,0.0,0.0,0.0,0.0,0.0,0.0
71,094-974-208-048-309,0.0,0.0,0.0,0.013337646308577006,0.029812730075716422,0.03481633853006955,0.0,0.0,0.0,0.0,0.0,0.0,0.0,0.0,0.0,0.0,0.0,0.0,0.0,0.0
72,095-597-624-140-45X,0.0,0.0,0.0,0.06024233426634447,0.018808299707747313,0.030643018040235184,0.0,0.0,0.0,0.0,0.0,0.0,0.0,0.0,0.0,0.0,0.0,0.0,0.0,0.0
73,100-935-111-075-54X,0.0,0.0,0.0,0.06228173562601941,0.11149923204854886,0.039035203668086146,0.0,0.0,0.0,0.0,0.0,0.0,0.0,0.0,0.0,0.0,0.0,0.0,0.0,0.0
74,101-548-643-785-143,0.0,0.0,0.0,0.024950213715376618,0.06436536190551591,0.05937387811336545,0.0,0.0,0.0,0.0,0.0,0.0,0.0,0.0,0.0,0.0,0.0,0.0,0.0,0.0
75,101-786-473-793-24X,0.0,0.0,0.0,0.025974491847979408,0.03924192192279382,0.012924478849506309,0.0,0.0,0.0,0.0,0.0,0.0,0.0,0.0,0.0,0.0,0.0,0.0,0.0,0.0
76,104-511-034-288-619,0.0,0.0,0.0,0.0104150105236805,0.02191204789818274,0.04510999825837577,0.0,0.0,0.0,0.0,0.0,0.0,0.0,0.0,0.0,0.0,0.0,0.0,0.0,0.0
77,110-917-132-699-697,0.0,0.0,0.0,0.013833639607443774,0.04584914883586001,0.020835233692165216,0.0,0.0,0.0,0.0,0.0,0.0,0.0,0.0,0.0,0.0,0.0,0.0,0.0,0.0
78,116-584-634-731-701,0.0,0.0,0.0,0.10675446272370653,0.03766160710259234,0.01950502751163343,0.0,0.0,0.0,0.0,0.0,0.0,0.0,0.0,0.0,0.0,0.0,0.0,0.0,0.0
79,117-281-186-702-242,0.0,0.0,0.0,0.04791086278925466,0.05599495042083876,0.04332496017221956,0.0,0.0,0.0,0.0,0.0,0.0,0.0,0.0,0.0,0.0,0.0,0.0,0.0,0.0
80,122-703-378-850-053,0.0,0.0,0.0,0.02452530060536205,0.07512133944396662,0.05225849584081958,0.0,0.0,0.0,0.0,0.0,0.0,0.0,0.0,0.0,0.0,0.0,0.0,0.0,0.0
81,125-672-379-353-323,0.0,0.0,0.0,0.06036270298495546,0.09243975526315237,0.039876807621881664,0.0,0.0,0.0,0.0,0.0,0.0,0.0,0.0,0.0,0.0,0.0,0.0,0.0,0.0
82,129-518-699-808-841,0.0,0.0,0.0,0.06012446715374216,0.049410079543129995,0.08818227315518246,0.0,0.0,0.0,0.0,0.0,0.0,0.0,0.0,0.0,0.0,0.0,0.0,0.0,0.0
83,138-044-330-708-116,0.0,0.0,0.0,0.03484053776142361,0.03671787236865103,0.04123174323536236,0.0,0.0,0.0,0.0,0.0,0.0,0.0,0.0,0.0,0.0,0.0,0.0,0.0,0.0
84,148-753-200-673-175,0.0,0.0,0.0,0.01987779583397587,0.011254106330174499,0.013006759950810997,0.0,0.0,0.0,0.0,0.0,0.0,0.0,0.0,0.0,0.0,0.0,0.0,0.0,0.0
85,164-643-190-599-559,0.0,0.0,0.0,0.04872458361544468,0.04154629457872535,0.03049265191865968,0.0,0.0,0.0,0.0,0.0,0.0,0.0,0.0,0.0,0.0,0.0,0.0,0.0,0.0
86,173-877-453-721-519,0.0,0.0,0.0,0.06597512595167943,0.046680765859798516,0.028327572521336383,0.0,0.0,0.0,0.0,0.0,0.0,0.0,0.0,0.0,0.0,0.0,0.0,0.0,0.0
87,188-130-097-599-287,0.0,0.0,0.0,0.04785126190974413,0.027450287240153293,0.017586812072787613,0.0,0.0,0.0,0.0,0.0,0.0,0.0,0.0,0.0,0.0,0.0,0.0,0.0,0.0
88,191-349-254-093-883,0.0,0.0,0.0,0.07013261112730429,0.0419564646204687,0.06672160001457686,0.0,0.0,0.0,0.0,0.0,0.0,0.0,0.0,0.0,0.0,0.0,0.0,0.0,0.0
89,194-391-518-246-985,0.0,0.0,0.0,0.07910624568186758,0.07361696252144306,0.02999985155546686,0.0,0.0,0.0,0.0,0.0,0.0,0.0,0.0,0.0,0.0,0.0,0.0,0.0,0.0
90,005-477-590-821-001,0.0,0.0,0.0,0.0,0.0,0.0,0.06336296139837047,0.05136381006130275,0.06471174486495365,0.09716916619197505,0.005256847739537145,0.052701747742530385,0.0,0.0,0.0,0.0,0.0,0.0,0.0,0.0
91,006-920-773-223-354,0.0,0.0,0.0,0.0,0.0,0.0,0.06796679784720434,0.059911768551928715,0.04720936014525235,0.060042720129296574,0.01358483784966718,0.0070410401609231985,0.0,0.0,0.0,0.0,0.0,0.0,0.0,0.0
92,008-962-886-761-456,0.0,0.0,0.0,0.0,0.0,0.0,0.05728309672590607,0.054163916322725755,0.016155842224987293,0.04848115730151564,0.05180155354849508,0.08657300049751798,0.0,0.0,0.0,0.0,0.0,0.0,0.0,0.0
93,014-498-810-516-367,0.0,0.0,0.0,0.0,0.0,0.0,0.059260529549853044,0.0022270028968399266,0.028583505247333687,0.0038437196209612345,0.019840074064859443,0.012564251621949574,0.0,0.0,0.0,0.0,0.0,0.0,0.0,0.0
94,017-489-591-364-184,0.0,0.0,0.0,0.0,0.0,0.0,0.01972063370479709,0.012388551095440634,0.0,0.021382153111877467,0.04311810353494265,0.0021413341632520798,0.0,0.0,0.0,0.0,0.0,0.0,0.0,0.0
95,018-426-685-841-728,0.0,0.0,0.0,0.0,0.0,0.0,0.01992474358002882,0.028839804573766926,0.023235722108200425,0.0885692060212637,0.04879325098110589,0.0670094147708544,0.0,0.0,0.0,0.0,0.0,0.0,0.0,0.0
96,026-048-467-239-979,0.0,0.0,0.0,0.0,0.0,0.0,0.01655364892617067,0.024942900566331944,0.030477052182146767,0.057510993339109626,0.015122806297345678,0.039379875693690426,0.0,0.0,0.0,0.0,0.0,0.0,0.0,0.0
97,032-050-236-233-836,0.0,0.0,0.0,0.0,0.0,0.0,0.01785157512675349,0.013502061953061719,0.06762748618050454,0.040478607191168525,0.05058518536177897,0.046584535157317204,0.0,0.0,0.0,0.0,0.0,0.0,0.0,0.0
98,034-244-957-935-06X,0.0,0.0,0.0,0.0,0.0,0.0,0.009950600108579344,0.024633466250878398,0.03207913441383849,0.02092067319996962,0.026647411092267086,0.025877771562371546,0.0,0.0,0.0,0.0,0.0,0.0,0.0,0.0
99,036-074-742-305-080,0.0,0.0,0.0,0.0,0.0,0.0,0.043285826161020884,0.0727029936409793,0.029455119549845962,0.07499420761094111,0.028704967965317067,0.05687837786283695,0.0,0.0,0.0,0.0,0.0,0.0,0.0,0.0
100,048-127-750-639-998,0.0,0.0,0.0,0.0,0.0,0.0,0.04622183274885959,0.0560803975691567,0.06895626387807977,0.05681131042992732,0.04016115823707271,0.06178961166674291,0.0,0.0,0.0,0.0,0.0,0.0,0.0,0.0
101,048-970-965-076-466,0.0,0.0,0.0,0.0,0.0,0.0,0.031371061621726315,0.030219982725883634,0.06355958023283148,0.08643676566087474,0.044805863639604315,0.06481894322081941,0.0,0.0,0.0,0.0,0.0,0.0,0.0,0.0
102,052-670-916-661-239,0.0,0.0,0.0,0.0,0.0,0.0,0.04068904041339008,0.06787145493007452,0.0160619211364409,0.04602483867220276,0.020898244955581534,0.024376970454354906,0.0,0.0,0.0,0.0,0.0,0.0,0.0,0.0
103,057-453-531-906-267,0.0,0.0,0.0,0.0,0.0,0.0,0.0,0.01812577048334238,0.026174933082859383,0.06272594059313892,0.004011988899644561,0.019978424752235633,0.0,0.0,0.0,0.0,0.0,0.0,0.0,0.0
104,062-086-201-884-316,0.0,0.0,0.0,0.0,0.0,0.0,0.03631450300293657,0.028675607156093748,0.046592183900493404,0.029851596473866857,0.03614923966369578,0.02931249374938988,0.0,0.0,0.0,0.0,0.0,0.0,0.0,0.0
105,064-607-448-852-803,0.0,0.0,0.0,0.0,0.0,0.0,0.03143548590176862,0.057815113140307586,0.1371062463132671,0.05058642758294377,0.047823154749331714,0.012852177011329532,0.0,0.0,0.0,0.0,0.0,0.0,0.0,0.0
106,064-751-648-054-001,0.0,0.0,0.0,0.0,0.0,0.0,0.011172476400546832,0.040752466616213866,0.0,0.14982115610119212,0.08599418622386251,0.06816220465687081,0.0,0.0,0.0,0.0,0.0,0.0,0.0,0.0
107,065-723-239-027-836,0.0,0.0,0.0,0.0,0.0,0.0,0.037859513577255414,0.01676867928304838,0.05720446447163371,0.05978244995199146,0.0493391174678419,0.051796143024325954,0.0,0.0,0.0,0.0,0.0,0.0,0.0,0.0
108,068-575-306-450-958,0.0,0.0,0.0,0.0,0.0,0.0,0.03250726769106261,0.037921607772742914,0.0116558601483861,0.033710642696724566,0.047767635285130436,0.038260239599479176,0.0,0.0,0.0,0.0,0.0,0.0,0.0,0.0
109,068-842-015-943-027,0.0,0.0,0.0,0.0,0.0,0.0,0.05678501147470574,0.0553299142305954,0.03654027078649698,0.02549648424508689,0.015300521106105299,0.05699199383950927,0.0,0.0,0.0,0.0,0.0,0.0,0.0,0.0
110,070-541-958-070-965,0.0,0.0,0.0,0.0,0.0,0.0,0.04203504683881666,0.012425799457705163,0.024250684902796502,0.05804701218623751,0.020664101795430302,0.054270200982992456,0.0,0.0,0.0,0.0,0.0,0.0,0.0,0.0
111,071-825-816-424-896,0.0,0.0,0.0,0.0,0.0,0.0,0.02709420252580611,0.041466137498172566,0.010771145616612968,0.02696175636059859,0.008854081125768319,0.039826325716625165,0.0,0.0,0.0,0.0,0.0,0.0,0.0,0.0
112,074-500-461-363-345,0.0,0.0,0.0,0.0,0.0,0.0,0.042008730128962286,0.03382385901999064,0.05623061582458586,0.11115579376762398,0.09408075537533088,0.04899723569178245,0.0,0.0,0.0,0.0,0.0,0.0,0.0,0.0
113,076-882-748-116-316,0.0,0.0,0.0,0.0,0.0,0.0,0.047420537033992224,0.02626085115389738,0.06141852915948985,0.08226308328231872,0.02549317207909547,0.03174157389528977,0.0,0.0,0.0,0.0,0.0,0.0,0.0,0.0
114,082-495-474-227-605,0.0,0.0,0.0,0.0,0.0,0.0,0.022631762160902583,0.03440820819913455,0.036569045736216735,0.012782841266575444,0.00589562121409158,0.028597123399555502,0.0,0.0,0.0,0.0,0.0,0.0,0.0,0.0
115,089-926-127-972-615,0.0,0.0,0.0,0.0,0.0,0.0,0.08236374374338623,0.058610768848853315,0.04140104167583942,0.030050350560386473,0.014261355245643478,0.05284630451543482,0.0,0.0,0.0,0.0,0.0,0.0,0.0,0.0
116,093-549-532-693-584,0.0,0.0,0.0,0.0,0.0,0.0,0.03129747221255917,0.008620225284424157,0.027244111202148744,0.02896379196914174,0.06915320337831396,0.02737141779144926,0.0,0.0,0.0,0.0,0.0,0.0,0.0,0.0
117,098-267-139-915-909,0.0,0.0,0.0,0.0,0.0,0.0,0.02111907246425203,0.015571988247731098,0.05366235478760172,0.0061302303648989726,0.05603712442112561,0.017231350686997358,0.0,0.0,0.0,0.0,0.0,0.0,0.0,0.0
118,098-551-863-329-618,0.0,0.0,0.0,0.0,0.0,0.0,0.05684958977057625,0.04266776596698916,0.03938110034149092,0.010722015633280636,0.030578673596254994,0.01775670242055084,0.0,0.0,0.0,0.0,0.0,0.0,0.0,0.0
119,099-514-033-359-088,0.0,0.0,0.0,0.0,0.0,0.0,0.06120578712474628,0.01237492346177839,0.030597192315649176,0.02830427510875913,0.05332620056128184,0.0716147904748135,0.0,0.0,0.0,0.0,0.0,0.0,0.0,0.0
120,104-465-453-188-095,0.0,0.0,0.0,0.0,0.0,0.0,0.03179083019120256,0.00990399023963541,0.0,0.0663876613295109,0.009330926110955009,0.0496501566082312,0.0,0.0,0.0,0.0,0.0,0.0,0.0,0.0
121,108-951-652-767-38X,0.0,0.0,0.0,0.0,0.0,0.0,0.035799572981931524,0.06532581395376313,0.02294426432690305,0.06727628461910931,0.01134219149007891,0.03658740512816697,0.0,0.0,0.0,0.0,0.0,0.0,0.0,0.0
122,109-760-057-069-354,0.0,0.0,0.0,0.0,0.0,0.0,0.046805307510529554,0.035722512286590145,0.03169078005902948,0.02579272916370065,0.020663242317899524,0.02792000557515381,0.0,0.0,0.0,0.0,0.0,0.0,0.0,0.0
123,117-110-543-208-845,0.0,0.0,0.0,0.0,0.0,0.0,0.04573782597920171,0.049990546657897025,0.031708994271883145,0.050169166279205785,0.009014399640452937,0.04921824186055394,0.0,0.0,0.0,0.0,0.0,0.0,0.0,0.0
124,119-828-100-009-826,0.0,0.0,0.0,0.0,0.0,0.0,0.05140013762291374,0.03206762843460058,0.022074632318672446,0.011616664144561077,0.03537835664659919,0.024306098432439853,0.0,0.0,0.0,0.0,0.0,0.0,0.0,0.0
125,120-465-396-538-465,0.0,0.0,0.0,0.0,0.0,0.0,0.013798328850640734,0.05083049615764527,0.015104021801597884,0.035595518135703885,0.01982866841211382,0.009479006900473114,0.0,0.0,0.0,0.0,0.0,0.0,0.0,0.0
126,134-995-876-286-996,0.0,0.0,0.0,0.0,0.0,0.0,0.06227711725968372,0.02608272204634708,0.01895492830253003,0.049234003816616266,0.012163280611548484,0.013989469397600396,0.0,0.0,0.0,0.0,0.0,0.0,0.0,0.0
127,139-017-681-927-137,0.0,0.0,0.0,0.0,0.0,0.0,0.09106070277383346,0.045063539403411366,0.12122729293960795,0.06724339937965129,0.030761832817198582,0.06710618422499108,0.0,0.0,0.0,0.0,0.0,0.0,0.0,0.0
128,139-415-373-727-671,0.0,0.0,0.0,0.0,0.0,0.0,0.02965092196476507,0.02182133499762843,0.032607339705592736,0.012635109223187882,0.04590161717709883,0.08875282127661424,0.0,0.0,0.0,0.0,0.0,0.0,0.0,0.0
129,145-431-224-278-742,0.0,0.0,0.0,0.0,0.0,0.0,0.02692969834479478,0.023882398958090106,0.04444730302132937,0.06374247630108817,0.03250536830718253,0.06523284673767749,0.0,0.0,0.0,0.0,0.0,0.0,0.0,0.0
130,145-930-999-684-144,0.0,0.0,0.0,0.0,0.0,0.0,0.018109012305123913,0.00977627802552591,0.011174451591768043,0.06312053473319916,0.01950353791960712,0.021968954440435735,0.0,0.0,0.0,0.0,0.0,0.0,0.0,0.0
131,146-362-763-625-758,0.0,0.0,0.0,0.0,0.0,0.0,0.010167083963096034,0.024584000769386213,0.04546883896637277,0.0015793623349203553,0.012720503154054352,0.02328031455570167,0.0,0.0,0.0,0.0,0.0,0.0,0.0,0.0
132,152-347-604-820-830,0.0,0.0,0.0,0.0,0.0,0.0,0.047383082988448205,0.042358161044917256,0.04489982387980884,0.09031115524741037,0.06827822487165712,0.07649689243337293,0.0,0.0,0.0,0.0,0.0,0.0,0.0,0.0
133,164-013-219-239-121,0.0,0.0,0.0,0.0,0.0,0.0,0.05557608743664723,0.07730876172177203,0.052915705610212915,0.01154356716726198,0.036307934142493656,0.0343519653187746,0.0,0.0,0.0,0.0,0.0,0.0,0.0,0.0
134,182-499-359-463-219,0.0,0.0,0.0,0.0,0.0,0.0,0.06963776701073487,0.057387337616057736,0.045936132069287365,0.01688977522823714,0.037277400608169246,0.04128462629075873,0.0,0.0,0.0,0.0,0.0,0.0,0.0,0.0
135,185-059-218-401-751,0.0,0.0,0.0,0.0,0.0,0.0,0.05159723488556423,0.048978838030460776,0.018281221361742782,0.05292647892897841,0.013178229354436397,0.05693417725012184,0.0,0.0,0.0,0.0,0.0,0.0,0.0,0.0
136,185-129-272-793-400,0.0,0.0,0.0,0.0,0.0,0.0,0.011204385208326466,0.033243346557612366,0.03536188378045078,0.030958866682609686,0.0,0.020563177599428065,0.0,0.0,0.0,0.0,0.0,0.0,0.0,0.0
137,191-464-698-912-126,0.0,0.0,0.0,0.0,0.0,0.0,0.06157352871840306,0.04223825400118897,0.05173712039672495,0.01597736706108162,0.04863784889901924,0.04205521300053272,0.0,0.0,0.0,0.0,0.0,0.0,0.0,0.0
138,193-381-516-111-686,0.0,0.0,0.0,0.0,0.0,0.0,0.03310288539186932,0.05752603680641869,0.01419736196289095,0.031015909982562373,0.06334498459701535,0.03645639476672057,0.0,0.0,0.0,0.0,0.0,0.0,0.0,0.0
139,001-281-947-751-975,0.0,0.0,0.0,0.0,0.0,0.0,0.0,0.0,0.0,0.0,0.0,0.0,0.0,0.0,0.0,0.0,0.0,0.0,0.0,0.0
140,014-482-297-957-834,0.0,0.0,0.0,0.0,0.0,0.0,0.0,0.0,0.0,0.0,0.0,0.0,0.05753178993597671,0.0,0.0,0.0,0.0,0.0,0.0,0.0
141,019-513-098-708-289,0.0,0.0,0.0,0.0,0.0,0.0,0.0,0.0,0.0,0.0,0.0,0.0,0.047702075906846275,0.0,0.0,0.0,0.0,0.0,0.0,0.0
142,028-844-316-983-354,0.0,0.0,0.0,0.0,0.0,0.0,0.0,0.0,0.0,0.0,0.0,0.0,0.0,0.0,0.0,0.0,0.0,0.0,0.0,0.0
143,038-455-032-007-224,0.0,0.0,0.0,0.0,0.0,0.0,0.0,0.0,0.0,0.0,0.0,0.0,0.06712270009486865,0.0,0.0,0.0,0.0,0.0,0.0,0.0
144,038-737-526-962-518,0.0,0.0,0.0,0.0,0.0,0.0,0.0,0.0,0.0,0.0,0.0,0.0,0.06603892048561388,0.0,0.0,0.0,0.0,0.0,0.0,0.0
145,039-572-877-788-682,0.0,0.0,0.0,0.0,0.0,0.0,0.0,0.0,0.0,0.0,0.0,0.0,0.03815008162003806,0.0,0.0,0.0,0.0,0.0,0.0,0.0
146,040-208-896-050-485,0.0,0.0,0.0,0.0,0.0,0.0,0.0,0.0,0.0,0.0,0.0,0.0,0.016608888803293916,0.0,0.0,0.0,0.0,0.0,0.0,0.0
147,056-950-902-277-094,0.0,0.0,0.0,0.0,0.0,0.0,0.0,0.0,0.0,0.0,0.0,0.0,0.0680183979666885,0.0,0.0,0.0,0.0,0.0,0.0,0.0
148,056-979-885-047-930,0.0,0.0,0.0,0.0,0.0,0.0,0.0,0.0,0.0,0.0,0.0,0.0,0.03240958117943229,0.0,0.0,0.0,0.0,0.0,0.0,0.0
149,071-000-824-702-757,0.0,0.0,0.0,0.0,0.0,0.0,0.0,0.0,0.0,0.0,0.0,0.0,0.027117434029778516,0.0,0.0,0.0,0.0,0.0,0.0,0.0
150,076-147-310-562-230,0.0,0.0,0.0,0.0,0.0,0.0,0.0,0.0,0.0,0.0,0.0,0.0,0.06276782869502409,0.0,0.0,0.0,0.0,0.0,0.0,0.0
151,077-241-208-573-205,0.0,0.0,0.0,0.0,0.0,0.0,0.0,0.0,0.0,0.0,0.0,0.0,0.007856101438884164,0.0,0.0,0.0,0.0,0.0,0.0,0.0
152,080-833-091-660-82X,0.0,0.0,0.0,0.0,0.0,0.0,0.0,0.0,0.0,0.0,0.0,0.0,0.010909425350493707,0.0,0.0,0.0,0.0,0.0,0.0,0.0
153,085-964-441-290-42X,0.0,0.0,0.0,0.0,0.0,0.0,0.0,0.0,0.0,0.0,0.0,0.0,0.09093119433543276,0.0,0.0,0.0,0.0,0.0,0.0,0.0
154,093-946-427-403-951,0.0,0.0,0.0,0.0,0.0,0.0,0.0,0.0,0.0,0.0,0.0,0.0,0.01425126528178336,0.0,0.0,0.0,0.0,0.0,0.0,0.0
155,115-406-999-927-24X,0.0,0.0,0.0,0.0,0.0,0.0,0.0,0.0,0.0,0.0,0.0,0.0,0.07018328466908934,0.0,0.0,0.0,0.0,0.0,0.0,0.0
156,120-767-088-360-769,0.0,0.0,0.0,0.0,0.0,0.0,0.0,0.0,0.0,0.0,0.0,0.0,0.03967000455212763,0.0,0.0,0.0,0.0,0.0,0.0,0.0
157,136-929-137-424-66X,0.0,0.0,0.0,0.0,0.0,0.0,0.0,0.0,0.0,0.0,0.0,0.0,0.06647111607911749,0.0,0.0,0.0,0.0,0.0,0.0,0.0
158,138-963-204-270-114,0.0,0.0,0.0,0.0,0.0,0.0,0.0,0.0,0.0,0.0,0.0,0.0,0.015081812012963488,0.0,0.0,0.0,0.0,0.0,0.0,0.0
159,140-120-127-320-865,0.0,0.0,0.0,0.0,0.0,0.0,0.0,0.0,0.0,0.0,0.0,0.0,0.010667413439146662,0.0,0.0,0.0,0.0,0.0,0.0,0.0
160,167-707-200-597-186,0.0,0.0,0.0,0.0,0.0,0.0,0.0,0.0,0.0,0.0,0.0,0.0,0.009394264518700455,0.0,0.0,0.0,0.0,0.0,0.0,0.0
161,174-766-280-588-960,0.0,0.0,0.0,0.0,0.0,0.0,0.0,0.0,0.0,0.0,0.0,0.0,0.024079694905079104,0.0,0.0,0.0,0.0,0.0,0.0,0.0
162,179-665-467-280-842,0.0,0.0,0.0,0.0,0.0,0.0,0.0,0.0,0.0,0.0,0.0,0.0,0.06932515674426153,0.0,0.0,0.0,0.0,0.0,0.0,0.0
163,183-733-118-359-209,0.0,0.0,0.0,0.0,0.0,0.0,0.0,0.0,0.0,0.0,0.0,0.0,0.0,0.0,0.0,0.0,0.0,0.0,0.0,0.0
164,002-227-810-181-405,0.0,0.0,0.0,0.0,0.0,0.0,0.0,0.0,0.0,0.0,0.0,0.0,0.0,0.009552549822804077,0.0,0.0,0.0,0.0,0.0,0.0
165,003-149-126-851-754,0.0,0.0,0.0,0.0,0.0,0.0,0.0,0.0,0.0,0.0,0.0,0.0,0.0,0.05808546826139964,0.0,0.0,0.0,0.0,0.0,0.0
166,016-199-714-006-263,0.0,0.0,0.0,0.0,0.0,0.0,0.0,0.0,0.0,0.0,0.0,0.0,0.0,0.04243339317144328,0.0,0.0,0.0,0.0,0.0,0.0
167,034-937-628-469-063,0.0,0.0,0.0,0.0,0.0,0.0,0.0,0.0,0.0,0.0,0.0,0.0,0.0,0.02409497791659037,0.0,0.0,0.0,0.0,0.0,0.0
168,065-776-954-434-253,0.0,0.0,0.0,0.0,0.0,0.0,0.0,0.0,0.0,0.0,0.0,0.0,0.0,0.09341690271291365,0.0,0.0,0.0,0.0,0.0,0.0
169,078-470-148-980-604,0.0,0.0,0.0,0.0,0.0,0.0,0.0,0.0,0.0,0.0,0.0,0.0,0.0,0.03591582737018589,0.0,0.0,0.0,0.0,0.0,0.0
170,078-887-084-126-065,0.0,0.0,0.0,0.0,0.0,0.0,0.0,0.0,0.0,0.0,0.0,0.0,0.0,0.014643060892293884,0.0,0.0,0.0,0.0,0.0,0.0
171,080-376-612-270-923,0.0,0.0,0.0,0.0,0.0,0.0,0.0,0.0,0.0,0.0,0.0,0.0,0.0,0.010932457207638675,0.0,0.0,0.0,0.0,0.0,0.0
172,102-669-910-571-199,0.0,0.0,0.0,0.0,0.0,0.0,0.0,0.0,0.0,0.0,0.0,0.0,0.0,0.01913507789012847,0.0,0.0,0.0,0.0,0.0,0.0
173,103-743-287-428-874,0.0,0.0,0.0,0.0,0.0,0.0,0.0,0.0,0.0,0.0,0.0,0.0,0.0,0.02953589608644875,0.0,0.0,0.0,0.0,0.0,0.0
174,105-100-051-441-427,0.0,0.0,0.0,0.0,0.0,0.0,0.0,0.0,0.0,0.0,0.0,0.0,0.0,0.02277422306944417,0.0,0.0,0.0,0.0,0.0,0.0
175,114-610-700-517-329,0.0,0.0,0.0,0.0,0.0,0.0,0.0,0.0,0.0,0.0,0.0,0.0,0.0,0.029745863170820785,0.0,0.0,0.0,0.0,0.0,0.0
176,115-098-299-620-069,0.0,0.0,0.0,0.0,0.0,0.0,0.0,0.0,0.0,0.0,0.0,0.0,0.0,0.04593795405766973,0.0,0.0,0.0,0.0,0.0,0.0
177,122-817-336-993-887,0.0,0.0,0.0,0.0,0.0,0.0,0.0,0.0,0.0,0.0,0.0,0.0,0.0,0.023418406831512983,0.0,0.0,0.0,0.0,0.0,0.0
178,124-748-119-715-692,0.0,0.0,0.0,0.0,0.0,0.0,0.0,0.0,0.0,0.0,0.0,0.0,0.0,0.08492637020242777,0.0,0.0,0.0,0.0,0.0,0.0
179,129-202-026-489-574,0.0,0.0,0.0,0.0,0.0,0.0,0.0,0.0,0.0,0.0,0.0,0.0,0.0,0.06784876608922771,0.0,0.0,0.0,0.0,0.0,0.0
180,138-259-316-198-621,0.0,0.0,0.0,0.0,0.0,0.0,0.0,0.0,0.0,0.0,0.0,0.0,0.0,0.014137675959082729,0.0,0.0,0.0,0.0,0.0,0.0
181,146-114-322-954-991,0.0,0.0,0.0,0.0,0.0,0.0,0.0,0.0,0.0,0.0,0.0,0.0,0.0,0.05253904985010443,0.0,0.0,0.0,0.0,0.0,0.0
182,146-586-701-703-282,0.0,0.0,0.0,0.0,0.0,0.0,0.0,0.0,0.0,0.0,0.0,0.0,0.0,0.0,0.0,0.0,0.0,0.0,0.0,0.0
183,160-606-850-771-257,0.0,0.0,0.0,0.0,0.0,0.0,0.0,0.0,0.0,0.0,0.0,0.0,0.0,0.0,0.0,0.0,0.0,0.0,0.0,0.0
184,171-003-626-863-17X,0.0,0.0,0.0,0.0,0.0,0.0,0.0,0.0,0.0,0.0,0.0,0.0,0.0,0.10718770031678947,0.0,0.0,0.0,0.0,0.0,0.0
185,191-348-260-799-474,0.0,0.0,0.0,0.0,0.0,0.0,0.0,0.0,0.0,0.0,0.0,0.0,0.0,0.03453265231468282,0.0,0.0,0.0,0.0,0.0,0.0
186,001-759-543-067-376,0.0,0.0,0.0,0.0,0.0,0.0,0.0,0.0,0.0,0.0,0.0,0.0,0.0,0.0,0.0,0.007888693547751275,0.0,0.0,0.0,0.0
187,009-175-881-547-438,0.0,0.0,0.0,0.0,0.0,0.0,0.0,0.0,0.0,0.0,0.0,0.0,0.0,0.0,0.0019843920365430214,0.08171957824108081,0.0,0.0,0.0,0.0
188,017-784-773-403-422,0.0,0.0,0.0,0.0,0.0,0.0,0.0,0.0,0.0,0.0,0.0,0.0,0.0,0.0,0.03289475131446926,0.031816973197067555,0.0,0.0,0.0,0.0
189,019-178-979-244-511,0.0,0.0,0.0,0.0,0.0,0.0,0.0,0.0,0.0,0.0,0.0,0.0,0.0,0.0,0.005809947532374659,0.012207768036565803,0.0,0.0,0.0,0.0
190,026-156-970-219-041,0.0,0.0,0.0,0.0,0.0,0.0,0.0,0.0,0.0,0.0,0.0,0.0,0.0,0.0,0.0150035311585297,0.002242393777269932,0.0,0.0,0.0,0.0
191,032-388-474-318-614,0.0,0.0,0.0,0.0,0.0,0.0,0.0,0.0,0.0,0.0,0.0,0.0,0.0,0.0,0.011966760477567472,0.036646103790039714,0.0,0.0,0.0,0.0
192,033-555-573-298-315,0.0,0.0,0.0,0.0,0.0,0.0,0.0,0.0,0.0,0.0,0.0,0.0,0.0,0.0,0.023629353578505673,0.04101377207191798,0.0,0.0,0.0,0.0
193,042-401-029-005-536,0.0,0.0,0.0,0.0,0.0,0.0,0.0,0.0,0.0,0.0,0.0,0.0,0.0,0.0,0.007932069272505402,0.0016472019253912687,0.0,0.0,0.0,0.0
194,042-553-754-884-249,0.0,0.0,0.0,0.0,0.0,0.0,0.0,0.0,0.0,0.0,0.0,0.0,0.0,0.0,0.002595057019762961,0.036488583161840546,0.0,0.0,0.0,0.0
195,043-251-321-340-134,0.0,0.0,0.0,0.0,0.0,0.0,0.0,0.0,0.0,0.0,0.0,0.0,0.0,0.0,0.029317980499369456,0.08925183433395197,0.0,0.0,0.0,0.0
196,044-023-593-835-730,0.0,0.0,0.0,0.0,0.0,0.0,0.0,0.0,0.0,0.0,0.0,0.0,0.0,0.0,0.024103218504693363,0.013444234755888207,0.0,0.0,0.0,0.0
197,050-418-334-813-530,0.0,0.0,0.0,0.0,0.0,0.0,0.0,0.0,0.0,0.0,0.0,0.0,0.0,0.0,0.031380150422100246,0.08336367227915904,0.0,0.0,0.0,0.0
198,050-571-717-599-069,0.0,0.0,0.0,0.0,0.0,0.0,0.0,0.0,0.0,0.0,0.0,0.0,0.0,0.0,0.014375152740667719,0.04561180637820508,0.0,0.0,0.0,0.0
199,056-709-260-660-68X,0.0,0.0,0.0,0.0,0.0,0.0,0.0,0.0,0.0,0.0,0.0,0.0,0.0,0.0,0.004397469077428563,0.11332693443165924,0.0,0.0,0.0,0.0
200,057-197-413-657-247,0.0,0.0,0.0,0.0,0.0,0.0,0.0,0.0,0.0,0.0,0.0,0.0,0.0,0.0,0.0020820112118912766,0.002748704352278758,0.0,0.0,0.0,0.0
201,058-201-431-727-742,0.0,0.0,0.0,0.0,0.0,0.0,0.0,0.0,0.0,0.0,0.0,0.0,0.0,0.0,0.0,0.004813527120184525,0.0,0.0,0.0,0.0
202,062-376-529-028-631,0.0,0.0,0.0,0.0,0.0,0.0,0.0,0.0,0.0,0.0,0.0,0.0,0.0,0.0,0.001778652239036714,0.02611129608971875,0.0,0.0,0.0,0.0
203,064-432-781-825-17X,0.0,0.0,0.0,0.0,0.0,0.0,0.0,0.0,0.0,0.0,0.0,0.0,0.0,0.0,0.06387520045251653,0.0,0.0,0.0,0.0,0.0
204,066-162-924-625-788,0.0,0.0,0.0,0.0,0.0,0.0,0.0,0.0,0.0,0.0,0.0,0.0,0.0,0.0,0.01511494179180487,0.01054670564869867,0.0,0.0,0.0,0.0
205,072-364-355-191-82X,0.0,0.0,0.0,0.0,0.0,0.0,0.0,0.0,0.0,0.0,0.0,0.0,0.0,0.0,0.025050447759094905,0.03955855099672745,0.0,0.0,0.0,0.0
206,076-823-648-953-459,0.0,0.0,0.0,0.0,0.0,0.0,0.0,0.0,0.0,0.0,0.0,0.0,0.0,0.0,0.009081660851278286,0.05185425214962829,0.0,0.0,0.0,0.0
207,080-752-452-284-07X,0.0,0.0,0.0,0.0,0.0,0.0,0.0,0.0,0.0,0.0,0.0,0.0,0.0,0.0,0.005152132699492102,0.015858818330351035,0.0,0.0,0.0,0.0
208,084-598-061-461-73X,0.0,0.0,0.0,0.0,0.0,0.0,0.0,0.0,0.0,0.0,0.0,0.0,0.0,0.0,0.002382139863980525,0.030143212268293525,0.0,0.0,0.0,0.0
209,097-759-558-650-313,0.0,0.0,0.0,0.0,0.0,0.0,0.0,0.0,0.0,0.0,0.0,0.0,0.0,0.0,0.0483437076856746,0.058369213296068374,0.0,0.0,0.0,0.0
210,101-931-016-895-249,0.0,0.0,0.0,0.0,0.0,0.0,0.0,0.0,0.0,0.0,0.0,0.0,0.0,0.0,0.007826540698557352,0.0320261009638556,0.0,0.0,0.0,0.0
211,104-095-760-090-607,0.0,0.0,0.0,0.0,0.0,0.0,0.0,0.0,0.0,0.0,0.0,0.0,0.0,0.0,0.0,0.007901729578587374,0.0,0.0,0.0,0.0
212,108-795-741-054-873,0.0,0.0,0.0,0.0,0.0,0.0,0.0,0.0,0.0,0.0,0.0,0.0,0.0,0.0,0.00769769435296602,0.0068779074698290905,0.0,0.0,0.0,0.0
213,120-820-618-313-83X,0.0,0.0,0.0,0.0,0.0,0.0,0.0,0.0,0.0,0.0,0.0,0.0,0.0,0.0,0.015120330459414404,0.011899994242505287,0.0,0.0,0.0,0.0
214,123-112-711-908-995,0.0,0.0,0.0,0.0,0.0,0.0,0.0,0.0,0.0,0.0,0.0,0.0,0.0,0.0,0.0,0.03411063746271867,0.0,0.0,0.0,0.0
215,131-111-699-854-730,0.0,0.0,0.0,0.0,0.0,0.0,0.0,0.0,0.0,0.0,0.0,0.0,0.0,0.0,0.002751114668811581,0.027460190252916964,0.0,0.0,0.0,0.0
216,141-208-622-576-887,0.0,0.0,0.0,0.0,0.0,0.0,0.0,0.0,0.0,0.0,0.0,0.0,0.0,0.0,0.0067933965812968684,0.02431007753675359,0.0,0.0,0.0,0.0
217,145-162-485-543-214,0.0,0.0,0.0,0.0,0.0,0.0,0.0,0.0,0.0,0.0,0.0,0.0,0.0,0.0,0.008080302348257538,0.029623639363845832,0.0,0.0,0.0,0.0
218,149-853-331-952-574,0.0,0.0,0.0,0.0,0.0,0.0,0.0,0.0,0.0,0.0,0.0,0.0,0.0,0.0,0.06650883046075584,0.053390780316667275,0.0,0.0,0.0,0.0
219,159-341-018-942-277,0.0,0.0,0.0,0.0,0.0,0.0,0.0,0.0,0.0,0.0,0.0,0.0,0.0,0.0,0.0,0.023558738493456424,0.0,0.0,0.0,0.0
220,173-631-094-662-915,0.0,0.0,0.0,0.0,0.0,0.0,0.0,0.0,0.0,0.0,0.0,0.0,0.0,0.0,0.025086412324975875,0.05514983507607544,0.0,0.0,0.0,0.0
221,180-963-788-596-582,0.0,0.0,0.0,0.0,0.0,0.0,0.0,0.0,0.0,0.0,0.0,0.0,0.0,0.0,0.02013896922768066,0.0809078624846158,0.0,0.0,0.0,0.0
222,012-629-049-920-451,0.0,0.0,0.0,0.0,0.0,0.0,0.0,0.0,0.0,0.0,0.0,0.0,0.0,0.0,0.0,0.0,0.04642846900201913,0.0,0.0,0.0
223,025-832-836-773-820,0.0,0.0,0.0,0.0,0.0,0.0,0.0,0.0,0.0,0.0,0.0,0.0,0.0,0.0,0.0,0.0,0.023478888352296515,0.0,0.0,0.0
224,026-982-172-464-821,0.0,0.0,0.0,0.0,0.0,0.0,0.0,0.0,0.0,0.0,0.0,0.0,0.0,0.0,0.0,0.0,0.030129920561287372,0.0,0.0,0.0
225,028-990-627-361-144,0.0,0.0,0.0,0.0,0.0,0.0,0.0,0.0,0.0,0.0,0.0,0.0,0.0,0.0,0.0,0.0,0.0,0.0,0.0,0.0
226,032-920-635-083-229,0.0,0.0,0.0,0.0,0.0,0.0,0.0,0.0,0.0,0.0,0.0,0.0,0.0,0.0,0.0,0.0,0.0,0.0,0.0,0.0
227,033-709-183-964-289,0.0,0.0,0.0,0.0,0.0,0.0,0.0,0.0,0.0,0.0,0.0,0.0,0.0,0.0,0.0,0.0,0.004648487523418071,0.0,0.0,0.0
228,033-950-497-342-66X,0.0,0.0,0.0,0.0,0.0,0.0,0.0,0.0,0.0,0.0,0.0,0.0,0.0,0.0,0.0,0.0,0.03987266599107125,0.0,0.0,0.0
229,037-935-884-055-847,0.0,0.0,0.0,0.0,0.0,0.0,0.0,0.0,0.0,0.0,0.0,0.0,0.0,0.0,0.0,0.0,0.030675740523368786,0.0,0.0,0.0
230,046-846-411-960-590,0.0,0.0,0.0,0.0,0.0,0.0,0.0,0.0,0.0,0.0,0.0,0.0,0.0,0.0,0.0,0.0,0.008797052987424675,0.0,0.0,0.0
231,053-639-636-683-581,0.0,0.0,0.0,0.0,0.0,0.0,0.0,0.0,0.0,0.0,0.0,0.0,0.0,0.0,0.0,0.0,0.015117991460015634,0.0,0.0,0.0
232,056-843-928-028-56X,0.0,0.0,0.0,0.0,0.0,0.0,0.0,0.0,0.0,0.0,0.0,0.0,0.0,0.0,0.0,0.0,0.05697128668144318,0.0,0.0,0.0
233,061-894-521-034-918,0.0,0.0,0.0,0.0,0.0,0.0,0.0,0.0,0.0,0.0,0.0,0.0,0.0,0.0,0.0,0.0,0.04081963048937409,0.0,0.0,0.0
234,062-724-086-574-032,0.0,0.0,0.0,0.0,0.0,0.0,0.0,0.0,0.0,0.0,0.0,0.0,0.0,0.0,0.0,0.0,0.033403049030540394,0.0,0.0,0.0
235,078-012-100-970-29X,0.0,0.0,0.0,0.0,0.0,0.0,0.0,0.0,0.0,0.0,0.0,0.0,0.0,0.0,0.0,0.0,0.00825197867497914,0.0,0.0,0.0
236,093-639-455-889-549,0.0,0.0,0.0,0.0,0.0,0.0,0.0,0.0,0.0,0.0,0.0,0.0,0.0,0.0,0.0,0.0,0.009826044949881244,0.0,0.0,0.0
237,165-166-377-215-209,0.0,0.0,0.0,0.0,0.0,0.0,0.0,0.0,0.0,0.0,0.0,0.0,0.0,0.0,0.0,0.0,0.016819702409461467,0.0,0.0,0.0
238,174-044-959-189-259,0.0,0.0,0.0,0.0,0.0,0.0,0.0,0.0,0.0,0.0,0.0,0.0,0.0,0.0,0.0,0.0,0.008766258742463567,0.0,0.0,0.0
239,185-847-512-601-188,0.0,0.0,0.0,0.0,0.0,0.0,0.0,0.0,0.0,0.0,0.0,0.0,0.0,0.0,0.0,0.0,0.0,0.0,0.0,0.0
240,006-687-633-497-865,0.0,0.0,0.0,0.0,0.0,0.0,0.0,0.0,0.0,0.0,0.0,0.0,0.0,0.0,0.0,0.0,0.0,0.03482622296057518,0.03008097007206656,0.0
241,013-594-974-562-515,0.0,0.0,0.0,0.0,0.0,0.0,0.0,0.0,0.0,0.0,0.0,0.0,0.0,0.0,0.0,0.0,0.0,0.07876200528676214,0.0,0.0
242,013-595-252-334-822,0.0,0.0,0.0,0.0,0.0,0.0,0.0,0.0,0.0,0.0,0.0,0.0,0.0,0.0,0.0,0.0,0.0,0.06675271991844874,0.01765196513730395,0.0
243,014-665-421-131-071,0.0,0.0,0.0,0.0,0.0,0.0,0.0,0.0,0.0,0.0,0.0,0.0,0.0,0.0,0.0,0.0,0.0,0.04298789397439121,0.03414320443251628,0.0
244,016-780-208-466-573,0.0,0.0,0.0,0.0,0.0,0.0,0.0,0.0,0.0,0.0,0.0,0.0,0.0,0.0,0.0,0.0,0.0,0.014744744194204186,0.005544934000491726,0.0
245,025-107-741-251-630,0.0,0.0,0.0,0.0,0.0,0.0,0.0,0.0,0.0,0.0,0.0,0.0,0.0,0.0,0.0,0.0,0.0,0.02009106655389121,0.0,0.0
246,030-929-233-804-44X,0.0,0.0,0.0,0.0,0.0,0.0,0.0,0.0,0.0,0.0,0.0,0.0,0.0,0.0,0.0,0.0,0.0,0.04322847642786377,0.021033814852498757,0.0
247,031-650-207-787-672,0.0,0.0,0.0,0.0,0.0,0.0,0.0,0.0,0.0,0.0,0.0,0.0,0.0,0.0,0.0,0.0,0.0,0.07046791948324369,0.032057948330604005,0.0
248,037-377-525-775-574,0.0,0.0,0.0,0.0,0.0,0.0,0.0,0.0,0.0,0.0,0.0,0.0,0.0,0.0,0.0,0.0,0.0,0.007943968024267663,0.0167247636153166,0.0
249,050-962-085-082-050,0.0,0.0,0.0,0.0,0.0,0.0,0.0,0.0,0.0,0.0,0.0,0.0,0.0,0.0,0.0,0.0,0.0,0.05183800346650329,0.0,0.0
250,051-455-719-730-276,0.0,0.0,0.0,0.0,0.0,0.0,0.0,0.0,0.0,0.0,0.0,0.0,0.0,0.0,0.0,0.0,0.0,0.003514357439478197,0.0,0.0
251,051-858-967-360-549,0.0,0.0,0.0,0.0,0.0,0.0,0.0,0.0,0.0,0.0,0.0,0.0,0.0,0.0,0.0,0.0,0.0,0.03882006783600078,0.005066234449537075,0.0
252,081-472-552-790-009,0.0,0.0,0.0,0.0,0.0,0.0,0.0,0.0,0.0,0.0,0.0,0.0,0.0,0.0,0.0,0.0,0.0,0.027999197154989323,0.006328225958640377,0.0
253,092-107-960-468-848,0.0,0.0,0.0,0.0,0.0,0.0,0.0,0.0,0.0,0.0,0.0,0.0,0.0,0.0,0.0,0.0,0.0,0.025665030944545267,0.004640755999257993,0.0
254,094-882-702-642-495,0.0,0.0,0.0,0.0,0.0,0.0,0.0,0.0,0.0,0.0,0.0,0.0,0.0,0.0,0.0,0.0,0.0,0.041954541230151896,0.024696827170213608,0.0
255,099-651-790-941-367,0.0,0.0,0.0,0.0,0.0,0.0,0.0,0.0,0.0,0.0,0.0,0.0,0.0,0.0,0.0,0.0,0.0,0.034437613922199135,0.12647221385280527,0.0
256,100-811-848-186-952,0.0,0.0,0.0,0.0,0.0,0.0,0.0,0.0,0.0,0.0,0.0,0.0,0.0,0.0,0.0,0.0,0.0,0.020587243961820278,0.018744748225823435,0.0
257,103-364-820-610-122,0.0,0.0,0.0,0.0,0.0,0.0,0.0,0.0,0.0,0.0,0.0,0.0,0.0,0.0,0.0,0.0,0.0,0.0813156243667726,0.022567133275820512,0.0
258,105-344-783-651-500,0.0,0.0,0.0,0.0,0.0,0.0,0.0,0.0,0.0,0.0,0.0,0.0,0.0,0.0,0.0,0.0,0.0,0.026962587625326724,0.0,0.0
259,112-419-075-777-708,0.0,0.0,0.0,0.0,0.0,0.0,0.0,0.0,0.0,0.0,0.0,0.0,0.0,0.0,0.0,0.0,0.0,0.013434532570980004,0.0053887784602251985,0.0
260,127-482-211-718-005,0.0,0.0,0.0,0.0,0.0,0.0,0.0,0.0,0.0,0.0,0.0,0.0,0.0,0.0,0.0,0.0,0.0,0.05587741631526973,0.01446673368494408,0.0
261,127-655-016-585-334,0.0,0.0,0.0,0.0,0.0,0.0,0.0,0.0,0.0,0.0,0.0,0.0,0.0,0.0,0.0,0.0,0.0,0.01617615762719397,0.030728698108904186,0.0
262,129-190-637-644-62X,0.0,0.0,0.0,0.0,0.0,0.0,0.0,0.0,0.0,0.0,0.0,0.0,0.0,0.0,0.0,0.0,0.0,0.039218913201617286,0.015019474205335432,0.0
263,129-443-446-272-731,0.0,0.0,0.0,0.0,0.0,0.0,0.0,0.0,0.0,0.0,0.0,0.0,0.0,0.0,0.0,0.0,0.0,0.06652274783148865,0.05556698517966625,0.0
264,135-514-499-218-272,0.0,0.0,0.0,0.0,0.0,0.0,0.0,0.0,0.0,0.0,0.0,0.0,0.0,0.0,0.0,0.0,0.0,0.09836704633199583,0.07039801078389067,0.0
265,158-139-147-446-223,0.0,0.0,0.0,0.0,0.0,0.0,0.0,0.0,0.0,0.0,0.0,0.0,0.0,0.0,0.0,0.0,0.0,0.022402499515707143,0.024773204638261638,0.0
266,176-358-336-937-825,0.0,0.0,0.0,0.0,0.0,0.0,0.0,0.0,0.0,0.0,0.0,0.0,0.0,0.0,0.0,0.0,0.0,0.07183936216704638,0.013005753267841164,0.0
267,190-805-304-109-100,0.0,0.0,0.0,0.0,0.0,0.0,0.0,0.0,0.0,0.0,0.0,0.0,0.0,0.0,0.0,0.0,0.0,0.029750499972035032,0.030241942417419183,0.0
268,012-309-807-113-075,0.0,0.0,0.0,0.0,0.0,0.0,0.0,0.0,0.0,0.0,0.0,0.0,0.0,0.0,0.0,0.0,0.0,0.0,0.0,0.8109087765964857
269,013-353-791-759-027,0.0,0.0,0.0,0.0,0.0,0.0,0.0,0.0,0.0,0.0,0.0,0.0,0.0,0.0,0.0,0.0,0.0,0.0,0.0,0.0
270,019-135-892-010-245,0.0,0.0,0.0,0.0,0.0,0.0,0.0,0.0,0.0,0.0,0.0,0.0,0.0,0.0,0.0,0.0,0.0,0.0,0.0,0.0
271,038-170-805-379-451,0.0,0.0,0.0,0.0,0.0,0.0,0.0,0.0,0.0,0.0,0.0,0.0,0.0,0.0,0.0,0.0,0.0,0.0,0.0,0.0
272,039-211-082-250-412,0.0,0.0,0.0,0.0,0.0,0.0,0.0,0.0,0.0,0.0,0.0,0.0,0.0,0.0,0.0,0.0,0.0,0.0,0.0,0.571763201231212
273,045-139-449-368-358,0.0,0.0,0.0,0.0,0.0,0.0,0.0,0.0,0.0,0.0,0.0,0.0,0.0,0.0,0.0,0.0,0.0,0.0,0.0,0.28440992841983526
274,059-445-824-916-322,0.0,0.0,0.0,0.0,0.0,0.0,0.0,0.0,0.0,0.0,0.0,0.0,0.0,0.0,0.0,0.0,0.0,0.0,0.0,0.9005047343553981
275,100-758-379-277-21X,0.0,0.0,0.0,0.0,0.0,0.0,0.0,0.0,0.0,0.0,0.0,0.0,0.0,0.0,0.0,0.0,0.0,0.0,0.0,0.571763201231212
276,104-626-130-571-406,0.0,0.0,0.0,0.0,0.0,0.0,0.0,0.0,0.0,0.0,0.0,0.0,0.0,0.0,0.0,0.0,0.0,0.0,0.0,0.917048728790468
277,114-672-389-593-030,0.0,0.0,0.0,0.0,0.0,0.0,0.0,0.0,0.0,0.0,0.0,0.0,0.0,0.0,0.0,0.0,0.0,0.0,0.0,0.04473716150180125
278,122-790-951-486-150,0.0,0.0,0.0,0.0,0.0,0.0,0.0,0.0,0.0,0.0,0.0,0.0,0.0,0.0,0.0,0.0,0.0,0.0,0.0,0.05526446555475256
279,127-475-456-358-110,0.0,0.0,0.0,0.0,0.0,0.0,0.0,0.0,0.0,0.0,0.0,0.0,0.0,0.0,0.0,0.0,0.0,0.0,0.0,0.12910341445769985
280,129-504-756-103-235,0.0,0.0,0.0,0.0,0.0,0.0,0.0,0.0,0.0,0.0,0.0,0.0,0.0,0.0,0.0,0.0,0.0,0.0,0.0,0.04728807935073659
281,130-345-560-495-003,0.0,0.0,0.0,0.0,0.0,0.0,0.0,0.0,0.0,0.0,0.0,0.0,0.0,0.0,0.0,0.0,0.0,0.0,0.0,0.6327161101738558
282,135-471-224-323-287,0.0,0.0,0.0,0.0,0.0,0.0,0.0,0.0,0.0,0.0,0.0,0.0,0.0,0.0,0.0,0.0,0.0,0.0,0.0,0.0
283,166-898-814-966-01X,0.0,0.0,0.0,0.0,0.0,0.0,0.0,0.0,0.0,0.0,0.0,0.0,0.0,0.0,0.0,0.0,0.0,0.0,0.0,0.0668201266271318
284,176-234-799-872-074,0.0,0.0,0.0,0.0,0.0,0.0,0.0,0.0,0.0,0.0,0.0,0.0,0.0,0.0,0.0,0.0,0.0,0.0,0.0,0.11707211068965213
