,Lens ID,062-055-064-561-85X,116-085-787-369-516,036-149-448-029-082,179-132-294-510-213,027-396-266-532-738,046-376-269-492-795,060-372-899-346-10X,061-018-838-320-648,078-881-949-441-033,059-611-580-408-33X,066-382-980-653-77X,097-421-372-053-520,116-509-832-503-46X,007-409-477-173-741,043-454-317-567-459,131-292-364-160-556,025-320-084-599-970,045-388-908-940-286,063-359-887-330-154,118-102-398-817-762
0,000-251-444-646-256,0.0373325647337473,0.0,0.0,0.0,0.0,0.0,0.0,0.0,0.0,0.0,0.0,0.0,0.0,0.0,0.0,0.0,0.0,0.0,0.0,0.0
1,002-733-369-145-420,0.05256968871921066,0.02376204271607417,0.0,0.0,0.0,0.0,0.0,0.0,0.0,0.0,0.0,0.0,0.0,0.0,0.0,0.0,0.0,0.0,0.0,0.0
2,006-687-633-497-865,0.04545882891901355,0.02392104223107478,0.0,0.0,0.0,0.0,0.0,0.0,0.0,0.0,0.0,0.0,0.0,0.0,0.0,0.0,0.0,0.0,0.0,0.0
3,013-353-791-759-027,0.07577299281018572,0.0477234609717844,0.0,0.0,0.0,0.0,0.0,0.0,0.0,0.0,0.0,0.0,0.0,0.0,0.0,0.0,0.0,0.0,0.0,0.0
4,013-636-309-273-433,0.06645509283741348,0.02374873959782141,0.0,0.0,0.0,0.0,0.0,0.0,0.0,0.0,0.0,0.0,0.0,0.0,0.0,0.0,0.0,0.0,0.0,0.0
5,026-048-467-239-979,0.042867623307077364,0.0757020973051382,0.0,0.0,0.0,0.0,0.0,0.0,0.0,0.0,0.0,0.0,0.0,0.0,0.0,0.0,0.0,0.0,0.0,0.0
6,036-074-742-305-080,0.10509558856156515,0.053556970427218735,0.0,0.0,0.0,0.0,0.0,0.0,0.0,0.0,0.0,0.0,0.0,0.0,0.0,0.0,0.0,0.0,0.0,0.0
7,038-170-805-379-451,0.0,0.0357606409199486,0.0,0.0,0.0,0.0,0.0,0.0,0.0,0.0,0.0,0.0,0.0,0.0,0.0,0.0,0.0,0.0,0.0,0.0
8,039-572-877-788-682,0.05278961644573485,0.02642433332559014,0.0,0.0,0.0,0.0,0.0,0.0,0.0,0.0,0.0,0.0,0.0,0.0,0.0,0.0,0.0,0.0,0.0,0.0
9,039-890-704-429-132,0.01663703079715164,0.047368779096287957,0.0,0.0,0.0,0.0,0.0,0.0,0.0,0.0,0.0,0.0,0.0,0.0,0.0,0.0,0.0,0.0,0.0,0.0
10,040-208-896-050-485,0.07295955652368702,0.004902541241194927,0.0,0.0,0.0,0.0,0.0,0.0,0.0,0.0,0.0,0.0,0.0,0.0,0.0,0.0,0.0,0.0,0.0,0.0
11,046-947-454-102-783,0.10863776591473728,0.021386502981466837,0.0,0.0,0.0,0.0,0.0,0.0,0.0,0.0,0.0,0.0,0.0,0.0,0.0,0.0,0.0,0.0,0.0,0.0
12,050-571-717-599-069,0.015589152408586354,0.08848058357050383,0.0,0.0,0.0,0.0,0.0,0.0,0.0,0.0,0.0,0.0,0.0,0.0,0.0,0.0,0.0,0.0,0.0,0.0
13,052-670-916-661-239,0.05283549648525858,0.007350047254657113,0.0,0.0,0.0,0.0,0.0,0.0,0.0,0.0,0.0,0.0,0.0,0.0,0.0,0.0,0.0,0.0,0.0,0.0
14,053-719-795-895-127,0.048913458175719376,0.04387787180639154,0.0,0.0,0.0,0.0,0.0,0.0,0.0,0.0,0.0,0.0,0.0,0.0,0.0,0.0,0.0,0.0,0.0,0.0
15,066-162-924-625-788,0.06322969880150425,0.023488889180679654,0.0,0.0,0.0,0.0,0.0,0.0,0.0,0.0,0.0,0.0,0.0,0.0,0.0,0.0,0.0,0.0,0.0,0.0
16,073-054-463-858-866,0.08107194937251463,0.02786999348054166,0.0,0.0,0.0,0.0,0.0,0.0,0.0,0.0,0.0,0.0,0.0,0.0,0.0,0.0,0.0,0.0,0.0,0.0
17,076-147-310-562-230,0.0869537404726621,0.018627772179612607,0.0,0.0,0.0,0.0,0.0,0.0,0.0,0.0,0.0,0.0,0.0,0.0,0.0,0.0,0.0,0.0,0.0,0.0
18,088-963-079-143-906,0.03895779178232474,0.006623987104243633,0.0,0.0,0.0,0.0,0.0,0.0,0.0,0.0,0.0,0.0,0.0,0.0,0.0,0.0,0.0,0.0,0.0,0.0
19,093-946-427-403-951,0.0,0.005737426057814083,0.0,0.0,0.0,0.0,0.0,0.0,0.0,0.0,0.0,0.0,0.0,0.0,0.0,0.0,0.0,0.0,0.0,0.0
20,094-974-208-048-309,0.020703951525555743,0.016677967488534166,0.0,0.0,0.0,0.0,0.0,0.0,0.0,0.0,0.0,0.0,0.0,0.0,0.0,0.0,0.0,0.0,0.0,0.0
21,099-651-790-941-367,0.02186070372794345,0.019313695568596922,0.0,0.0,0.0,0.0,0.0,0.0,0.0,0.0,0.0,0.0,0.0,0.0,0.0,0.0,0.0,0.0,0.0,0.0
22,164-643-190-599-559,0.05064958893690463,0.05767957187677532,0.0,0.0,0.0,0.0,0.0,0.0,0.0,0.0,0.0,0.0,0.0,0.0,0.0,0.0,0.0,0.0,0.0,0.0
23,180-963-788-596-582,0.014867445548077203,0.010585282624695838,0.0,0.0,0.0,0.0,0.0,0.0,0.0,0.0,0.0,0.0,0.0,0.0,0.0,0.0,0.0,0.0,0.0,0.0
24,188-130-097-599-287,0.0457046973239371,0.0577452011772049,0.0,0.0,0.0,0.0,0.0,0.0,0.0,0.0,0.0,0.0,0.0,0.0,0.0,0.0,0.0,0.0,0.0,0.0
25,191-349-254-093-883,0.07133721318307715,0.03012729843827995,0.0,0.0,0.0,0.0,0.0,0.0,0.0,0.0,0.0,0.0,0.0,0.0,0.0,0.0,0.0,0.0,0.0,0.0
26,001-281-947-751-975,0.0,0.0,0.026055810344155304,0.0,0.0,0.0,0.0,0.0,0.0,0.0,0.0,0.0,0.0,0.0,0.0,0.0,0.0,0.0,0.0,0.0
27,002-768-931-855-543,0.0,0.0,0.00812906385082563,0.05858391008698453,0.0,0.0,0.0,0.0,0.0,0.0,0.0,0.0,0.0,0.0,0.0,0.0,0.0,0.0,0.0,0.0
28,006-260-890-457-159,0.0,0.0,0.04935039822786179,0.008705158942248919,0.0,0.0,0.0,0.0,0.0,0.0,0.0,0.0,0.0,0.0,0.0,0.0,0.0,0.0,0.0,0.0
29,006-920-773-223-354,0.0,0.0,0.03195262713040821,0.04123628131541191,0.0,0.0,0.0,0.0,0.0,0.0,0.0,0.0,0.0,0.0,0.0,0.0,0.0,0.0,0.0,0.0
30,008-962-886-761-456,0.0,0.0,0.004950275060367296,0.019043818008526444,0.0,0.0,0.0,0.0,0.0,0.0,0.0,0.0,0.0,0.0,0.0,0.0,0.0,0.0,0.0,0.0
31,009-175-881-547-438,0.0,0.0,0.007833566468282966,0.07446686919497861,0.0,0.0,0.0,0.0,0.0,0.0,0.0,0.0,0.0,0.0,0.0,0.0,0.0,0.0,0.0,0.0
32,013-302-417-490-03X,0.0,0.0,0.006703229724770298,0.04885096666975577,0.0,0.0,0.0,0.0,0.0,0.0,0.0,0.0,0.0,0.0,0.0,0.0,0.0,0.0,0.0,0.0
33,014-482-297-957-834,0.0,0.0,0.03636615839515316,0.04319157791003178,0.0,0.0,0.0,0.0,0.0,0.0,0.0,0.0,0.0,0.0,0.0,0.0,0.0,0.0,0.0,0.0
34,019-178-979-244-511,0.0,0.0,0.018502097970399645,0.019576118602514424,0.0,0.0,0.0,0.0,0.0,0.0,0.0,0.0,0.0,0.0,0.0,0.0,0.0,0.0,0.0,0.0
35,019-513-098-708-289,0.0,0.0,0.0,0.04006951445967119,0.0,0.0,0.0,0.0,0.0,0.0,0.0,0.0,0.0,0.0,0.0,0.0,0.0,0.0,0.0,0.0
36,023-752-023-695-957,0.0,0.0,0.038966130587773234,0.05116069766795161,0.0,0.0,0.0,0.0,0.0,0.0,0.0,0.0,0.0,0.0,0.0,0.0,0.0,0.0,0.0,0.0
37,032-050-236-233-836,0.0,0.0,0.03525439948045929,0.008738933784808783,0.0,0.0,0.0,0.0,0.0,0.0,0.0,0.0,0.0,0.0,0.0,0.0,0.0,0.0,0.0,0.0
38,033-140-945-207-53X,0.0,0.0,0.033407437251478905,0.04084005932587213,0.0,0.0,0.0,0.0,0.0,0.0,0.0,0.0,0.0,0.0,0.0,0.0,0.0,0.0,0.0,0.0
39,033-555-573-298-315,0.0,0.0,0.0033420233062966633,0.030815215690469175,0.0,0.0,0.0,0.0,0.0,0.0,0.0,0.0,0.0,0.0,0.0,0.0,0.0,0.0,0.0,0.0
40,034-244-957-935-06X,0.0,0.0,0.026513490833127144,0.018781086671120623,0.0,0.0,0.0,0.0,0.0,0.0,0.0,0.0,0.0,0.0,0.0,0.0,0.0,0.0,0.0,0.0
41,034-374-636-579-338,0.0,0.0,0.026565186959633894,0.056442064003695155,0.0,0.0,0.0,0.0,0.0,0.0,0.0,0.0,0.0,0.0,0.0,0.0,0.0,0.0,0.0,0.0
42,042-553-754-884-249,0.0,0.0,0.017823711102355137,0.03064393000526884,0.0,0.0,0.0,0.0,0.0,0.0,0.0,0.0,0.0,0.0,0.0,0.0,0.0,0.0,0.0,0.0
43,056-950-902-277-094,0.0,0.0,0.05031143161372664,0.022653819194552803,0.0,0.0,0.0,0.0,0.0,0.0,0.0,0.0,0.0,0.0,0.0,0.0,0.0,0.0,0.0,0.0
44,056-979-885-047-930,0.0,0.0,0.055884287671523786,0.0,0.0,0.0,0.0,0.0,0.0,0.0,0.0,0.0,0.0,0.0,0.0,0.0,0.0,0.0,0.0,0.0
45,062-376-529-028-631,0.0,0.0,0.0074339563494418785,0.011916623932015442,0.0,0.0,0.0,0.0,0.0,0.0,0.0,0.0,0.0,0.0,0.0,0.0,0.0,0.0,0.0,0.0
46,067-245-023-581-167,0.0,0.0,0.01707897925371969,0.014693576657977419,0.0,0.0,0.0,0.0,0.0,0.0,0.0,0.0,0.0,0.0,0.0,0.0,0.0,0.0,0.0,0.0
47,070-541-958-070-965,0.0,0.0,0.03412721248622215,0.037563724362067424,0.0,0.0,0.0,0.0,0.0,0.0,0.0,0.0,0.0,0.0,0.0,0.0,0.0,0.0,0.0,0.0
48,071-825-816-424-896,0.0,0.0,0.006584898925420175,0.03678217434289893,0.0,0.0,0.0,0.0,0.0,0.0,0.0,0.0,0.0,0.0,0.0,0.0,0.0,0.0,0.0,0.0
49,072-364-355-191-82X,0.0,0.0,0.0034961254938515197,0.040940768463538696,0.0,0.0,0.0,0.0,0.0,0.0,0.0,0.0,0.0,0.0,0.0,0.0,0.0,0.0,0.0,0.0
50,077-954-762-700-03X,0.0,0.0,0.0029685327415026816,0.042201283006511325,0.0,0.0,0.0,0.0,0.0,0.0,0.0,0.0,0.0,0.0,0.0,0.0,0.0,0.0,0.0,0.0
51,078-012-100-970-29X,0.0,0.0,0.01837300883098721,0.021235454876298382,0.0,0.0,0.0,0.0,0.0,0.0,0.0,0.0,0.0,0.0,0.0,0.0,0.0,0.0,0.0,0.0
52,080-833-091-660-82X,0.0,0.0,0.03359805214170987,0.13078268743949692,0.0,0.0,0.0,0.0,0.0,0.0,0.0,0.0,0.0,0.0,0.0,0.0,0.0,0.0,0.0,0.0
53,082-495-474-227-605,0.0,0.0,0.005340864015981491,0.02328921075593082,0.0,0.0,0.0,0.0,0.0,0.0,0.0,0.0,0.0,0.0,0.0,0.0,0.0,0.0,0.0,0.0
54,084-598-061-461-73X,0.0,0.0,0.04756066128829964,0.02850360877427672,0.0,0.0,0.0,0.0,0.0,0.0,0.0,0.0,0.0,0.0,0.0,0.0,0.0,0.0,0.0,0.0
55,090-891-932-202-646,0.0,0.0,0.019135221471246248,0.015224114233146343,0.0,0.0,0.0,0.0,0.0,0.0,0.0,0.0,0.0,0.0,0.0,0.0,0.0,0.0,0.0,0.0
56,097-759-558-650-313,0.0,0.0,0.04958698981781916,0.048917588991171025,0.0,0.0,0.0,0.0,0.0,0.0,0.0,0.0,0.0,0.0,0.0,0.0,0.0,0.0,0.0,0.0
57,100-935-111-075-54X,0.0,0.0,0.07159330683287327,0.11662998241325284,0.0,0.0,0.0,0.0,0.0,0.0,0.0,0.0,0.0,0.0,0.0,0.0,0.0,0.0,0.0,0.0
58,101-931-016-895-249,0.0,0.0,0.02409862223160693,0.03258723959123651,0.0,0.0,0.0,0.0,0.0,0.0,0.0,0.0,0.0,0.0,0.0,0.0,0.0,0.0,0.0,0.0
59,102-669-910-571-199,0.0,0.0,0.03808117603253472,0.04101128278523658,0.0,0.0,0.0,0.0,0.0,0.0,0.0,0.0,0.0,0.0,0.0,0.0,0.0,0.0,0.0,0.0
60,103-683-153-528-499,0.0,0.0,0.01143146083506114,0.012943134674122293,0.0,0.0,0.0,0.0,0.0,0.0,0.0,0.0,0.0,0.0,0.0,0.0,0.0,0.0,0.0,0.0
61,103-743-287-428-874,0.0,0.0,0.014393801441057603,0.04458154503484883,0.0,0.0,0.0,0.0,0.0,0.0,0.0,0.0,0.0,0.0,0.0,0.0,0.0,0.0,0.0,0.0
62,104-095-760-090-607,0.0,0.0,0.0,0.015113498091327315,0.0,0.0,0.0,0.0,0.0,0.0,0.0,0.0,0.0,0.0,0.0,0.0,0.0,0.0,0.0,0.0
63,108-951-652-767-38X,0.0,0.0,0.027559003684699643,0.04605450970718504,0.0,0.0,0.0,0.0,0.0,0.0,0.0,0.0,0.0,0.0,0.0,0.0,0.0,0.0,0.0,0.0
64,109-321-719-727-13X,0.0,0.0,0.01931547411820278,0.037131880150600344,0.0,0.0,0.0,0.0,0.0,0.0,0.0,0.0,0.0,0.0,0.0,0.0,0.0,0.0,0.0,0.0
65,111-417-084-591-248,0.0,0.0,0.007404622531018949,0.041340021984436086,0.0,0.0,0.0,0.0,0.0,0.0,0.0,0.0,0.0,0.0,0.0,0.0,0.0,0.0,0.0,0.0
66,120-767-088-360-769,0.0,0.0,0.017217582924891343,0.007817982592761208,0.0,0.0,0.0,0.0,0.0,0.0,0.0,0.0,0.0,0.0,0.0,0.0,0.0,0.0,0.0,0.0
67,136-929-137-424-66X,0.0,0.0,0.06784995308572359,0.003592331312869439,0.0,0.0,0.0,0.0,0.0,0.0,0.0,0.0,0.0,0.0,0.0,0.0,0.0,0.0,0.0,0.0
68,138-963-204-270-114,0.0,0.0,0.0,0.001749935251592564,0.0,0.0,0.0,0.0,0.0,0.0,0.0,0.0,0.0,0.0,0.0,0.0,0.0,0.0,0.0,0.0
69,140-120-127-320-865,0.0,0.0,0.02281820039139372,0.05218134010083943,0.0,0.0,0.0,0.0,0.0,0.0,0.0,0.0,0.0,0.0,0.0,0.0,0.0,0.0,0.0,0.0
70,141-208-622-576-887,0.0,0.0,0.01863751397444984,0.03537163939715076,0.0,0.0,0.0,0.0,0.0,0.0,0.0,0.0,0.0,0.0,0.0,0.0,0.0,0.0,0.0,0.0
71,145-162-485-543-214,0.0,0.0,0.021604247154454047,0.029740942778897744,0.0,0.0,0.0,0.0,0.0,0.0,0.0,0.0,0.0,0.0,0.0,0.0,0.0,0.0,0.0,0.0
72,145-431-224-278-742,0.0,0.0,0.0,0.02790942103101783,0.0,0.0,0.0,0.0,0.0,0.0,0.0,0.0,0.0,0.0,0.0,0.0,0.0,0.0,0.0,0.0
73,149-853-331-952-574,0.0,0.0,0.004374143462511739,0.055101798300045794,0.0,0.0,0.0,0.0,0.0,0.0,0.0,0.0,0.0,0.0,0.0,0.0,0.0,0.0,0.0,0.0
74,154-969-566-820-758,0.0,0.0,0.009540246212343726,0.04168461104938789,0.0,0.0,0.0,0.0,0.0,0.0,0.0,0.0,0.0,0.0,0.0,0.0,0.0,0.0,0.0,0.0
75,165-093-106-271-191,0.0,0.0,0.02528124855732885,0.053824499364949166,0.0,0.0,0.0,0.0,0.0,0.0,0.0,0.0,0.0,0.0,0.0,0.0,0.0,0.0,0.0,0.0
76,173-877-453-721-519,0.0,0.0,0.02575442680695041,0.028671053877249116,0.0,0.0,0.0,0.0,0.0,0.0,0.0,0.0,0.0,0.0,0.0,0.0,0.0,0.0,0.0,0.0
77,174-766-280-588-960,0.0,0.0,0.013105246512926981,0.0011308657728824924,0.0,0.0,0.0,0.0,0.0,0.0,0.0,0.0,0.0,0.0,0.0,0.0,0.0,0.0,0.0,0.0
78,179-665-467-280-842,0.0,0.0,0.0746996280599641,0.056293047375551276,0.0,0.0,0.0,0.0,0.0,0.0,0.0,0.0,0.0,0.0,0.0,0.0,0.0,0.0,0.0,0.0
79,180-658-270-170-05X,0.0,0.0,0.0,0.009095847236990919,0.0,0.0,0.0,0.0,0.0,0.0,0.0,0.0,0.0,0.0,0.0,0.0,0.0,0.0,0.0,0.0
80,182-158-356-687-801,0.0,0.0,0.01940948362556925,0.032332711247608885,0.0,0.0,0.0,0.0,0.0,0.0,0.0,0.0,0.0,0.0,0.0,0.0,0.0,0.0,0.0,0.0
81,191-348-260-799-474,0.0,0.0,0.027008338741286456,0.030986314903176836,0.0,0.0,0.0,0.0,0.0,0.0,0.0,0.0,0.0,0.0,0.0,0.0,0.0,0.0,0.0,0.0
82,193-381-516-111-686,0.0,0.0,0.0031580941303627225,0.007673188049888913,0.0,0.0,0.0,0.0,0.0,0.0,0.0,0.0,0.0,0.0,0.0,0.0,0.0,0.0,0.0,0.0
83,000-189-988-224-76X,0.0,0.0,0.0,0.0,0.03448254503487506,0.04345364006296634,0.012543009742447202,0.025547139446831978,0.07234856091015889,0.0,0.0,0.0,0.0,0.0,0.0,0.0,0.0,0.0,0.0,0.0
84,001-254-322-670-872,0.0,0.0,0.0,0.0,0.05146617053120167,0.013730116485177425,0.0,0.03232793079270961,0.02976184027425003,0.0,0.0,0.0,0.0,0.0,0.0,0.0,0.0,0.0,0.0,0.0
85,006-948-163-366-774,0.0,0.0,0.0,0.0,0.03140636515058742,0.005692550602463457,0.012682629853133107,0.06524588757334182,0.022225995631427534,0.0,0.0,0.0,0.0,0.0,0.0,0.0,0.0,0.0,0.0,0.0
86,012-629-049-920-451,0.0,0.0,0.0,0.0,0.013341714953009646,0.045149040543886174,0.03634228455454987,0.014391703769491499,0.017312085436405174,0.0,0.0,0.0,0.0,0.0,0.0,0.0,0.0,0.0,0.0,0.0
87,013-594-974-562-515,0.0,0.0,0.0,0.0,0.05877941891463285,0.050113210834307254,0.024543437837336944,0.08363275891161284,0.0,0.0,0.0,0.0,0.0,0.0,0.0,0.0,0.0,0.0,0.0,0.0
88,013-595-252-334-822,0.0,0.0,0.0,0.0,0.018789720982326865,0.023144074846288554,0.02250434050406955,0.04767888492703246,0.027136970659099285,0.0,0.0,0.0,0.0,0.0,0.0,0.0,0.0,0.0,0.0,0.0
89,013-764-041-525-607,0.0,0.0,0.0,0.0,0.023540992959142457,0.02458184902453838,0.07852255013734838,0.018255872716637023,0.015002267677852447,0.0,0.0,0.0,0.0,0.0,0.0,0.0,0.0,0.0,0.0,0.0
90,013-996-415-887-147,0.0,0.0,0.0,0.0,0.019408681865821332,0.009616314861066712,0.0035017216314490126,0.025851578693391865,0.003851303456507544,0.0,0.0,0.0,0.0,0.0,0.0,0.0,0.0,0.0,0.0,0.0
91,016-780-208-466-573,0.0,0.0,0.0,0.0,0.026622053778354235,0.08271962875277591,0.009535475751342153,0.021286705795471386,0.004793144551600686,0.0,0.0,0.0,0.0,0.0,0.0,0.0,0.0,0.0,0.0,0.0
92,026-156-970-219-041,0.0,0.0,0.0,0.0,0.05385446381919404,0.03888777303704344,0.02003408995658184,0.036803120983580476,0.02015819367850593,0.0,0.0,0.0,0.0,0.0,0.0,0.0,0.0,0.0,0.0,0.0
93,031-740-156-435-499,0.0,0.0,0.0,0.0,0.02219443939289162,0.038669239938490224,0.030052358785318506,0.03134141361373688,0.05421928695409983,0.0,0.0,0.0,0.0,0.0,0.0,0.0,0.0,0.0,0.0,0.0
94,032-388-474-318-614,0.0,0.0,0.0,0.0,0.05516332871849901,0.03985990973541651,0.02994596077050885,0.047236035792333576,0.024175603987052652,0.0,0.0,0.0,0.0,0.0,0.0,0.0,0.0,0.0,0.0,0.0
95,032-920-635-083-229,0.0,0.0,0.0,0.0,0.0,0.03826545643653371,0.0,0.010918274669327174,0.008071275066995044,0.0,0.0,0.0,0.0,0.0,0.0,0.0,0.0,0.0,0.0,0.0
96,033-100-558-536-10X,0.0,0.0,0.0,0.0,0.06512644697547489,0.019718084858258184,0.0,0.050285126533833366,0.005322236272844714,0.0,0.0,0.0,0.0,0.0,0.0,0.0,0.0,0.0,0.0,0.0
97,033-709-183-964-289,0.0,0.0,0.0,0.0,0.08956856327432505,0.04803093405984264,0.011383505356085717,0.0836715163179575,0.051012110713166844,0.0,0.0,0.0,0.0,0.0,0.0,0.0,0.0,0.0,0.0,0.0
98,044-198-652-180-16X,0.0,0.0,0.0,0.0,0.03273762314934614,0.1006432648129014,0.049962065018414895,0.023751791575135957,0.01995537147690358,0.0,0.0,0.0,0.0,0.0,0.0,0.0,0.0,0.0,0.0,0.0
99,046-402-144-705-650,0.0,0.0,0.0,0.0,0.049398847261222734,0.050337175488148436,0.030214941542474952,0.028719074969843755,0.0032198191388356705,0.0,0.0,0.0,0.0,0.0,0.0,0.0,0.0,0.0,0.0,0.0
100,048-107-503-236-974,0.0,0.0,0.0,0.0,0.054759615490553956,0.044583282219277036,0.01075413211122309,0.0669958047917287,0.014888338190255616,0.0,0.0,0.0,0.0,0.0,0.0,0.0,0.0,0.0,0.0,0.0
101,050-962-085-082-050,0.0,0.0,0.0,0.0,0.02955516690767277,0.02307871594740015,0.005353094505508012,0.03873703692262444,0.0,0.0,0.0,0.0,0.0,0.0,0.0,0.0,0.0,0.0,0.0,0.0
102,051-858-967-360-549,0.0,0.0,0.0,0.0,0.023500078686902424,0.017659679058665705,0.003929216772956148,0.031350465666189424,0.004321476042854827,0.0,0.0,0.0,0.0,0.0,0.0,0.0,0.0,0.0,0.0,0.0
103,056-709-260-660-68X,0.0,0.0,0.0,0.0,0.029974962806585917,0.055948554730913425,0.006204387607526473,0.039440429094420866,0.09405804690298492,0.0,0.0,0.0,0.0,0.0,0.0,0.0,0.0,0.0,0.0,0.0
104,056-843-928-028-56X,0.0,0.0,0.0,0.0,0.03378625717200277,0.004091410922587901,0.009741268669995667,0.0229104592393502,0.0,0.0,0.0,0.0,0.0,0.0,0.0,0.0,0.0,0.0,0.0,0.0
105,057-230-358-061-61X,0.0,0.0,0.0,0.0,0.0710510241483483,0.04879904739304047,0.03794154962106505,0.047967899815171085,0.06258258460636185,0.0,0.0,0.0,0.0,0.0,0.0,0.0,0.0,0.0,0.0,0.0
106,058-201-431-727-742,0.0,0.0,0.0,0.0,0.021134132344615884,0.03152740557473321,0.0,0.03921533676974067,0.03296166531748006,0.0,0.0,0.0,0.0,0.0,0.0,0.0,0.0,0.0,0.0,0.0
107,066-611-818-335-788,0.0,0.0,0.0,0.0,0.08729455572600969,0.0684532130590958,0.07282366485594997,0.04985733526377557,0.03418723254331874,0.0,0.0,0.0,0.0,0.0,0.0,0.0,0.0,0.0,0.0,0.0
108,067-195-084-305-016,0.0,0.0,0.0,0.0,0.07668385045845692,0.027580241369406778,0.06560267755835032,0.08349329228938221,0.011909622125951886,0.0,0.0,0.0,0.0,0.0,0.0,0.0,0.0,0.0,0.0,0.0
109,068-347-597-479-448,0.0,0.0,0.0,0.0,0.01848232389579394,0.02371759387459948,0.0,0.028102177564624152,0.012040450326971475,0.0,0.0,0.0,0.0,0.0,0.0,0.0,0.0,0.0,0.0,0.0
110,068-842-015-943-027,0.0,0.0,0.0,0.0,0.08383934184333333,0.05126303674615536,0.04723793170414582,0.08783782338553883,0.04371668234520815,0.0,0.0,0.0,0.0,0.0,0.0,0.0,0.0,0.0,0.0,0.0
111,071-572-690-596-47X,0.0,0.0,0.0,0.0,0.03330002396133076,0.05719754622544815,0.044497570036521994,0.0380551705694364,0.0763688562505084,0.0,0.0,0.0,0.0,0.0,0.0,0.0,0.0,0.0,0.0,0.0
112,074-632-781-234-90X,0.0,0.0,0.0,0.0,0.022824715311250566,0.0308373107611396,0.029103392421529893,0.053002115108804454,0.04003606235194122,0.0,0.0,0.0,0.0,0.0,0.0,0.0,0.0,0.0,0.0,0.0
113,078-451-133-512-02X,0.0,0.0,0.0,0.0,0.05854704178694912,0.07481570330165924,0.0744348485981181,0.05955404365143835,0.016031764977911242,0.0,0.0,0.0,0.0,0.0,0.0,0.0,0.0,0.0,0.0,0.0
114,086-157-478-708-338,0.0,0.0,0.0,0.0,0.061346037864721245,0.04755247133080798,0.005404361881037222,0.06481264640476175,0.0,0.0,0.0,0.0,0.0,0.0,0.0,0.0,0.0,0.0,0.0,0.0
115,089-926-127-972-615,0.0,0.0,0.0,0.0,0.03237865982944549,0.0773019037313189,0.01969811195203507,0.051860615345674335,0.02491626871232447,0.0,0.0,0.0,0.0,0.0,0.0,0.0,0.0,0.0,0.0,0.0
116,093-549-532-693-584,0.0,0.0,0.0,0.0,0.020843861756864226,0.03794305930781863,0.08600234898620185,0.03349336522291629,0.0,0.0,0.0,0.0,0.0,0.0,0.0,0.0,0.0,0.0,0.0,0.0
117,095-597-624-140-45X,0.0,0.0,0.0,0.0,0.07059133703453127,0.01587086989972182,0.0,0.025005009207587622,0.0,0.0,0.0,0.0,0.0,0.0,0.0,0.0,0.0,0.0,0.0,0.0
118,101-548-643-785-143,0.0,0.0,0.0,0.0,0.03617117369497122,0.061194563360456936,0.01385421275668463,0.04658083953149944,0.02950755889400397,0.0,0.0,0.0,0.0,0.0,0.0,0.0,0.0,0.0,0.0,0.0
119,101-786-473-793-24X,0.0,0.0,0.0,0.0,0.025222465290516242,0.045264380088110096,0.03844928276964253,0.03464203412689953,0.09288293143896673,0.0,0.0,0.0,0.0,0.0,0.0,0.0,0.0,0.0,0.0,0.0
120,103-364-820-610-122,0.0,0.0,0.0,0.0,0.0567798388250666,0.053603727422986816,0.045824848990167935,0.08685724551579976,0.019869763319245837,0.0,0.0,0.0,0.0,0.0,0.0,0.0,0.0,0.0,0.0,0.0
121,104-511-034-288-619,0.0,0.0,0.0,0.0,0.013157816672903794,0.02966946371232338,0.0,0.03563975229035621,0.011763783255327977,0.0,0.0,0.0,0.0,0.0,0.0,0.0,0.0,0.0,0.0,0.0
122,110-917-132-699-697,0.0,0.0,0.0,0.0,0.018203013598824938,0.0627927529623772,0.008691850341352083,0.0586816277175847,0.032675159666351344,0.0,0.0,0.0,0.0,0.0,0.0,0.0,0.0,0.0,0.0,0.0
123,115-098-299-620-069,0.0,0.0,0.0,0.0,0.02076604970774302,0.011134528195672082,0.07623150294104397,0.03248759709630333,0.011516245217820176,0.0,0.0,0.0,0.0,0.0,0.0,0.0,0.0,0.0,0.0,0.0
124,117-281-186-702-242,0.0,0.0,0.0,0.0,0.05086380061222247,0.060605978084177364,0.003858585912283082,0.02083092675348681,0.016707957367847394,0.0,0.0,0.0,0.0,0.0,0.0,0.0,0.0,0.0,0.0,0.0
125,122-703-378-850-053,0.0,0.0,0.0,0.0,0.022112728307082937,0.0813689904446846,0.007114789302512385,0.04145188536150793,0.03757321901711447,0.0,0.0,0.0,0.0,0.0,0.0,0.0,0.0,0.0,0.0,0.0
126,125-672-379-353-323,0.0,0.0,0.0,0.0,0.08938111413556857,0.09652359325272346,0.04056304152495764,0.07048446507177904,0.01265014685174939,0.0,0.0,0.0,0.0,0.0,0.0,0.0,0.0,0.0,0.0,0.0
127,127-482-211-718-005,0.0,0.0,0.0,0.0,0.053507106710773744,0.033672745241458406,0.007098219688602625,0.07080306547608879,0.027438420474456153,0.0,0.0,0.0,0.0,0.0,0.0,0.0,0.0,0.0,0.0,0.0
128,129-202-026-489-574,0.0,0.0,0.0,0.0,0.025234460912507174,0.0,0.010226264408040853,0.023761926109535047,0.0,0.0,0.0,0.0,0.0,0.0,0.0,0.0,0.0,0.0,0.0,0.0
129,129-443-446-272-731,0.0,0.0,0.0,0.0,0.0362294019484371,0.02664783073240943,0.035630767698298024,0.06652390721138791,0.07744496928052769,0.0,0.0,0.0,0.0,0.0,0.0,0.0,0.0,0.0,0.0,0.0
130,131-111-699-854-730,0.0,0.0,0.0,0.0,0.03794464353530698,0.008088254740155875,0.027082535360248357,0.03526318874267366,0.0,0.0,0.0,0.0,0.0,0.0,0.0,0.0,0.0,0.0,0.0,0.0
131,135-514-499-218-272,0.0,0.0,0.0,0.0,0.06154296043611407,0.09344898440912272,0.062434550061163906,0.09568369968289375,0.04223114222946014,0.0,0.0,0.0,0.0,0.0,0.0,0.0,0.0,0.0,0.0,0.0
132,146-114-322-954-991,0.0,0.0,0.0,0.0,0.05064793964249506,0.041985945715856066,0.028849474972707317,0.018836930143405633,0.0,0.0,0.0,0.0,0.0,0.0,0.0,0.0,0.0,0.0,0.0,0.0
133,146-586-701-703-282,0.0,0.0,0.0,0.0,0.028018406146609793,0.058636404308322614,0.01089913388805132,0.01401100291205132,0.0,0.0,0.0,0.0,0.0,0.0,0.0,0.0,0.0,0.0,0.0,0.0
134,148-753-200-673-175,0.0,0.0,0.0,0.0,0.026579989567513743,0.013001436731496898,0.09642952116748449,0.01886376660442932,0.015009694135384536,0.0,0.0,0.0,0.0,0.0,0.0,0.0,0.0,0.0,0.0,0.0
135,159-341-018-942-277,0.0,0.0,0.0,0.0,0.0541425109087267,0.039201294926998094,0.011283078820394357,0.02953410975678556,0.0,0.0,0.0,0.0,0.0,0.0,0.0,0.0,0.0,0.0,0.0,0.0
136,160-606-850-771-257,0.0,0.0,0.0,0.0,0.0457750666037168,0.0,0.0,0.02631767347103149,0.0,0.0,0.0,0.0,0.0,0.0,0.0,0.0,0.0,0.0,0.0,0.0
137,165-166-377-215-209,0.0,0.0,0.0,0.0,0.028918286868330263,0.019376222956800367,0.020175625936801063,0.04460633037804768,0.03654166915948278,0.0,0.0,0.0,0.0,0.0,0.0,0.0,0.0,0.0,0.0,0.0
138,167-707-200-597-186,0.0,0.0,0.0,0.0,0.04675200424544908,0.04687296953959366,0.11824205963466967,0.05679413208990842,0.048918633220891405,0.0,0.0,0.0,0.0,0.0,0.0,0.0,0.0,0.0,0.0,0.0
139,174-044-959-189-259,0.0,0.0,0.0,0.0,0.015906464556005757,0.035774506852237854,0.0,0.004172180674376282,0.026038203727952708,0.0,0.0,0.0,0.0,0.0,0.0,0.0,0.0,0.0,0.0,0.0
140,185-059-218-401-751,0.0,0.0,0.0,0.0,0.04108271101701935,0.024017033789969635,0.02186519941169069,0.04704760637327925,0.015138439302908672,0.0,0.0,0.0,0.0,0.0,0.0,0.0,0.0,0.0,0.0,0.0
141,194-391-518-246-985,0.0,0.0,0.0,0.0,0.07323596175046217,0.07309855273820637,0.04604214215320865,0.08098781663368797,0.04821709834080457,0.0,0.0,0.0,0.0,0.0,0.0,0.0,0.0,0.0,0.0,0.0
142,014-665-421-131-071,0.0,0.0,0.0,0.0,0.0,0.0,0.0,0.0,0.0,0.0,0.0,0.0,0.0,0.0,0.0,0.0,0.0,0.0,0.0,0.0
143,017-489-591-364-184,0.0,0.0,0.0,0.0,0.0,0.0,0.0,0.0,0.0,0.0,0.0,0.0,0.0,0.0,0.0,0.0,0.0,0.0,0.0,0.0
144,017-784-773-403-422,0.0,0.0,0.0,0.0,0.0,0.0,0.0,0.0,0.0,0.0,0.0,0.0,0.0,0.0,0.0,0.0,0.0,0.0,0.0,0.0
145,024-276-265-590-973,0.0,0.0,0.0,0.0,0.0,0.0,0.0,0.0,0.0,0.0,0.0,0.0,0.0,0.0,0.0,0.0,0.0,0.0,0.0,0.0
146,028-990-627-361-144,0.0,0.0,0.0,0.0,0.0,0.0,0.0,0.0,0.0,0.0,0.0,0.0,0.0,0.0,0.0,0.0,0.0,0.0,0.0,0.0
147,030-929-233-804-44X,0.0,0.0,0.0,0.0,0.0,0.0,0.0,0.0,0.0,0.0,0.0,0.0,0.0,0.0,0.0,0.0,0.0,0.0,0.0,0.0
148,033-950-497-342-66X,0.0,0.0,0.0,0.0,0.0,0.0,0.0,0.0,0.0,0.0,0.0,0.0,0.0,0.0,0.0,0.0,0.0,0.0,0.0,0.0
149,034-937-628-469-063,0.0,0.0,0.0,0.0,0.0,0.0,0.0,0.0,0.0,0.0,0.0,0.0,0.0,0.0,0.0,0.0,0.0,0.0,0.0,0.0
150,037-935-884-055-847,0.0,0.0,0.0,0.0,0.0,0.0,0.0,0.0,0.0,0.0,0.0,0.0,0.0,0.0,0.0,0.0,0.0,0.0,0.0,0.0
151,043-251-321-340-134,0.0,0.0,0.0,0.0,0.0,0.0,0.0,0.0,0.0,0.0,0.0,0.0,0.0,0.0,0.0,0.0,0.0,0.0,0.0,0.0
152,048-970-965-076-466,0.0,0.0,0.0,0.0,0.0,0.0,0.0,0.0,0.0,0.0,0.0,0.0,0.0,0.0,0.0,0.0,0.0,0.0,0.0,0.0
153,057-466-204-899-197,0.0,0.0,0.0,0.0,0.0,0.0,0.0,0.0,0.0,0.0,0.0,0.0,0.0,0.0,0.0,0.0,0.0,0.0,0.0,0.0
154,064-607-448-852-803,0.0,0.0,0.0,0.0,0.0,0.0,0.0,0.0,0.0,0.0,0.0,0.0,0.0,0.0,0.0,0.0,0.0,0.0,0.0,0.0
155,071-000-824-702-757,0.0,0.0,0.0,0.0,0.0,0.0,0.0,0.0,0.0,0.0,0.0,0.0,0.0,0.0,0.0,0.0,0.0,0.0,0.0,0.0
156,072-262-854-270-373,0.0,0.0,0.0,0.0,0.0,0.0,0.0,0.0,0.0,0.0,0.0,0.0,0.0,0.0,0.0,0.0,0.0,0.0,0.0,0.0
157,076-823-648-953-459,0.0,0.0,0.0,0.0,0.0,0.0,0.0,0.0,0.0,0.0,0.0,0.0,0.0,0.0,0.0,0.0,0.0,0.0,0.0,0.0
158,078-887-084-126-065,0.0,0.0,0.0,0.0,0.0,0.0,0.0,0.0,0.0,0.0,0.0,0.0,0.0,0.0,0.0,0.0,0.0,0.0,0.0,0.0
159,099-514-033-359-088,0.0,0.0,0.0,0.0,0.0,0.0,0.0,0.0,0.0,0.0,0.0,0.0,0.0,0.0,0.0,0.0,0.0,0.0,0.0,0.0
160,109-760-057-069-354,0.0,0.0,0.0,0.0,0.0,0.0,0.0,0.0,0.0,0.0,0.0,0.0,0.0,0.0,0.0,0.0,0.0,0.0,0.0,0.0
161,110-502-601-552-555,0.0,0.0,0.0,0.0,0.0,0.0,0.0,0.0,0.0,0.0,0.0,0.0,0.0,0.0,0.0,0.0,0.0,0.0,0.0,0.0
162,116-584-634-731-701,0.0,0.0,0.0,0.0,0.0,0.0,0.0,0.0,0.0,0.0,0.0,0.0,0.0,0.0,0.0,0.0,0.0,0.0,0.0,0.0
163,118-400-153-349-767,0.0,0.0,0.0,0.0,0.0,0.0,0.0,0.0,0.0,0.0,0.0,0.0,0.0,0.0,0.0,0.0,0.0,0.0,0.0,0.0
164,120-465-396-538-465,0.0,0.0,0.0,0.0,0.0,0.0,0.0,0.0,0.0,0.0,0.0,0.0,0.0,0.0,0.0,0.0,0.0,0.0,0.0,0.0
165,129-335-229-947-343,0.0,0.0,0.0,0.0,0.0,0.0,0.0,0.0,0.0,0.0,0.0,0.0,0.0,0.0,0.0,0.0,0.0,0.0,0.0,0.0
166,145-930-999-684-144,0.0,0.0,0.0,0.0,0.0,0.0,0.0,0.0,0.0,0.0,0.0,0.0,0.0,0.0,0.0,0.0,0.0,0.0,0.0,0.0
167,158-139-147-446-223,0.0,0.0,0.0,0.0,0.0,0.0,0.0,0.0,0.0,0.0,0.0,0.0,0.0,0.0,0.0,0.0,0.0,0.0,0.0,0.0
168,176-358-336-937-825,0.0,0.0,0.0,0.0,0.0,0.0,0.0,0.0,0.0,0.0,0.0,0.0,0.0,0.0,0.0,0.0,0.0,0.0,0.0,0.0
169,185-847-512-601-188,0.0,0.0,0.0,0.0,0.0,0.0,0.0,0.0,0.0,0.0,0.0,0.0,0.0,0.0,0.0,0.0,0.0,0.0,0.0,0.0
170,190-805-304-109-100,0.0,0.0,0.0,0.0,0.0,0.0,0.0,0.0,0.0,0.0,0.0,0.0,0.0,0.0,0.0,0.0,0.0,0.0,0.0,0.0
171,001-542-585-753-06X,0.0,0.0,0.0,0.0,0.0,0.0,0.0,0.0,0.0,0.01929016056772656,0.037310104163565366,0.011212388361252629,0.0730417341184943,0.0,0.0,0.0,0.0,0.0,0.0,0.0
172,010-165-399-327-919,0.0,0.0,0.0,0.0,0.0,0.0,0.0,0.0,0.0,0.030568531477250444,0.010365189643054565,0.026697151490603588,0.040843065747623294,0.0,0.0,0.0,0.0,0.0,0.0,0.0
173,014-498-810-516-367,0.0,0.0,0.0,0.0,0.0,0.0,0.0,0.0,0.0,0.012496181264093456,0.008820304718577972,0.02072272250055961,0.002937954940471594,0.0,0.0,0.0,0.0,0.0,0.0,0.0
174,016-199-714-006-263,0.0,0.0,0.0,0.0,0.0,0.0,0.0,0.0,0.0,0.050954902973533736,0.0008413365760300504,0.013293160828459468,0.047511156004808965,0.0,0.0,0.0,0.0,0.0,0.0,0.0
175,025-107-741-251-630,0.0,0.0,0.0,0.0,0.0,0.0,0.0,0.0,0.0,0.036041233331087386,0.02293432852462924,0.022280329499525367,0.022423973314022516,0.0,0.0,0.0,0.0,0.0,0.0,0.0
176,031-650-207-787-672,0.0,0.0,0.0,0.0,0.0,0.0,0.0,0.0,0.0,0.039775199381440716,0.06394954325190512,0.014862497070573766,0.010747665989111112,0.0,0.0,0.0,0.0,0.0,0.0,0.0
177,032-707-667-937-548,0.0,0.0,0.0,0.0,0.0,0.0,0.0,0.0,0.0,0.0675365096578217,0.025267083234677735,0.018016893496881403,0.01657560370760502,0.0,0.0,0.0,0.0,0.0,0.0,0.0
178,037-377-525-775-574,0.0,0.0,0.0,0.0,0.0,0.0,0.0,0.0,0.0,0.023617065857465955,0.0,0.01616810845096399,0.007233740676596829,0.0,0.0,0.0,0.0,0.0,0.0,0.0
179,038-455-032-007-224,0.0,0.0,0.0,0.0,0.0,0.0,0.0,0.0,0.0,0.0510696889242659,0.0,0.017907667450046422,0.005028300349176984,0.0,0.0,0.0,0.0,0.0,0.0,0.0
180,039-088-632-836-477,0.0,0.0,0.0,0.0,0.0,0.0,0.0,0.0,0.0,0.029612918296301628,0.000705722278713888,0.02416432485930416,0.05816555682433463,0.0,0.0,0.0,0.0,0.0,0.0,0.0
181,050-238-052-849-254,0.0,0.0,0.0,0.0,0.0,0.0,0.0,0.0,0.0,0.01085838669909757,0.045708939125871755,0.008176193998063807,0.07873723202047545,0.0,0.0,0.0,0.0,0.0,0.0,0.0
182,054-597-134-280-815,0.0,0.0,0.0,0.0,0.0,0.0,0.0,0.0,0.0,0.04590776200766693,0.023964389089995743,0.07070790572788935,0.031019581512828676,0.0,0.0,0.0,0.0,0.0,0.0,0.0
183,065-723-239-027-836,0.0,0.0,0.0,0.0,0.0,0.0,0.0,0.0,0.0,0.01494114504278213,0.06615136656633266,0.06320461377471802,0.04157059416273372,0.0,0.0,0.0,0.0,0.0,0.0,0.0
184,065-776-954-434-253,0.0,0.0,0.0,0.0,0.0,0.0,0.0,0.0,0.0,0.010683047528729794,0.01389350303890649,0.005469807976107491,0.08845956669994515,0.0,0.0,0.0,0.0,0.0,0.0,0.0
185,077-241-208-573-205,0.0,0.0,0.0,0.0,0.0,0.0,0.0,0.0,0.0,0.005782757665799632,0.018578663253862277,0.06771085156242768,0.0,0.0,0.0,0.0,0.0,0.0,0.0,0.0
186,080-376-612-270-923,0.0,0.0,0.0,0.0,0.0,0.0,0.0,0.0,0.0,0.06122394531331815,0.0,0.0017876680153133262,0.00727840956253372,0.0,0.0,0.0,0.0,0.0,0.0,0.0
187,081-472-552-790-009,0.0,0.0,0.0,0.0,0.0,0.0,0.0,0.0,0.0,0.00292892507347411,0.04480487668111659,0.04157596341412498,0.03758398456779487,0.0,0.0,0.0,0.0,0.0,0.0,0.0
188,085-964-441-290-42X,0.0,0.0,0.0,0.0,0.0,0.0,0.0,0.0,0.0,0.09014423857179404,0.03283584322988811,0.0350101007270782,0.034581704405185106,0.0,0.0,0.0,0.0,0.0,0.0,0.0
189,092-107-960-468-848,0.0,0.0,0.0,0.0,0.0,0.0,0.0,0.0,0.0,0.021368441232308428,0.014840823226327599,0.017052375107659112,0.0,0.0,0.0,0.0,0.0,0.0,0.0,0.0
190,094-882-702-642-495,0.0,0.0,0.0,0.0,0.0,0.0,0.0,0.0,0.0,0.016561021876425813,0.08644262866520336,0.04308285947516377,0.04495161825626592,0.0,0.0,0.0,0.0,0.0,0.0,0.0
191,096-969-589-679-820,0.0,0.0,0.0,0.0,0.0,0.0,0.0,0.0,0.0,0.03172267408107786,0.040080452011811665,0.009484091457231199,0.04725600509459105,0.0,0.0,0.0,0.0,0.0,0.0,0.0
192,098-267-139-915-909,0.0,0.0,0.0,0.0,0.0,0.0,0.0,0.0,0.0,0.016800560551279944,0.05913286316270966,0.039893421142980987,0.00952506394368985,0.0,0.0,0.0,0.0,0.0,0.0,0.0
193,098-551-863-329-618,0.0,0.0,0.0,0.0,0.0,0.0,0.0,0.0,0.0,0.036914553307621195,0.005382986687334905,0.034897660589381936,0.05817166128482887,0.0,0.0,0.0,0.0,0.0,0.0,0.0
194,100-811-848-186-952,0.0,0.0,0.0,0.0,0.0,0.0,0.0,0.0,0.0,0.03097633355308705,0.047629156910643206,0.023374321700159822,0.029790763051499844,0.0,0.0,0.0,0.0,0.0,0.0,0.0
195,104-465-453-188-095,0.0,0.0,0.0,0.0,0.0,0.0,0.0,0.0,0.0,0.040883086237834765,0.01825636385066949,0.018677372823909945,0.026684614685958525,0.0,0.0,0.0,0.0,0.0,0.0,0.0
196,105-344-783-651-500,0.0,0.0,0.0,0.0,0.0,0.0,0.0,0.0,0.0,0.022586971953710344,0.0284922546241506,0.018557502251525138,0.0,0.0,0.0,0.0,0.0,0.0,0.0,0.0
197,106-258-436-803-499,0.0,0.0,0.0,0.0,0.0,0.0,0.0,0.0,0.0,0.024551535213970847,0.01848239972007061,0.0322723669526033,0.011373321314581374,0.0,0.0,0.0,0.0,0.0,0.0,0.0
198,112-419-075-777-708,0.0,0.0,0.0,0.0,0.0,0.0,0.0,0.0,0.0,0.0308240353050896,0.013823565164646681,0.015160014189204516,0.009907596039245667,0.0,0.0,0.0,0.0,0.0,0.0,0.0
199,115-384-194-385-151,0.0,0.0,0.0,0.0,0.0,0.0,0.0,0.0,0.0,0.0905466491293398,0.0013550062773117287,0.01581317747911435,0.022302877804069154,0.0,0.0,0.0,0.0,0.0,0.0,0.0
200,115-406-999-927-24X,0.0,0.0,0.0,0.0,0.0,0.0,0.0,0.0,0.0,0.0783193762174209,0.025791803706359015,0.03728645288335524,0.020625509033951148,0.0,0.0,0.0,0.0,0.0,0.0,0.0
201,127-655-016-585-334,0.0,0.0,0.0,0.0,0.0,0.0,0.0,0.0,0.0,0.006073399946359013,0.033293011852602424,0.038384379080540716,0.0,0.0,0.0,0.0,0.0,0.0,0.0,0.0
202,129-190-637-644-62X,0.0,0.0,0.0,0.0,0.0,0.0,0.0,0.0,0.0,0.005855860217936399,0.012434981333732859,0.01175467916875735,0.005782174879158688,0.0,0.0,0.0,0.0,0.0,0.0,0.0
203,129-518-699-808-841,0.0,0.0,0.0,0.0,0.0,0.0,0.0,0.0,0.0,0.030489403431259283,0.07103085429831148,0.0685887864125326,0.03306852926019547,0.0,0.0,0.0,0.0,0.0,0.0,0.0
204,129-809-003-331-783,0.0,0.0,0.0,0.0,0.0,0.0,0.0,0.0,0.0,0.030386816613411714,0.03541661802421457,0.018761067466991976,0.0539458567962354,0.0,0.0,0.0,0.0,0.0,0.0,0.0
205,132-396-141-682-245,0.0,0.0,0.0,0.0,0.0,0.0,0.0,0.0,0.0,0.050050926626569216,0.028073925664542046,0.0328675287742777,0.05144289398668938,0.0,0.0,0.0,0.0,0.0,0.0,0.0
206,138-044-330-708-116,0.0,0.0,0.0,0.0,0.0,0.0,0.0,0.0,0.0,0.045419229945734066,0.048560753907920355,0.06578144897808334,0.026395576116753278,0.0,0.0,0.0,0.0,0.0,0.0,0.0
207,138-254-519-618-953,0.0,0.0,0.0,0.0,0.0,0.0,0.0,0.0,0.0,0.09866088214080296,0.05095075591019671,0.018368321944175897,0.058193794145438946,0.0,0.0,0.0,0.0,0.0,0.0,0.0
208,139-017-681-927-137,0.0,0.0,0.0,0.0,0.0,0.0,0.0,0.0,0.0,0.05885314388069568,0.04728101659873775,0.03859735483340738,0.053123718150771757,0.0,0.0,0.0,0.0,0.0,0.0,0.0
209,171-003-626-863-17X,0.0,0.0,0.0,0.0,0.0,0.0,0.0,0.0,0.0,0.022740357790593756,0.03750185077267286,0.01852889376059153,0.0890260067561613,0.0,0.0,0.0,0.0,0.0,0.0,0.0
210,187-701-961-076-877,0.0,0.0,0.0,0.0,0.0,0.0,0.0,0.0,0.0,0.0106603557269625,0.045618716489068005,0.008027079798075328,0.07730125345088415,0.0,0.0,0.0,0.0,0.0,0.0,0.0
211,001-759-543-067-376,0.0,0.0,0.0,0.0,0.0,0.0,0.0,0.0,0.0,0.0,0.0,0.0,0.0,0.003213167265783753,0.03486624896634971,0.05702309775363546,0.0,0.0,0.0,0.0
212,002-227-810-181-405,0.0,0.0,0.0,0.0,0.0,0.0,0.0,0.0,0.0,0.0,0.0,0.0,0.0,0.031079057969564047,0.006317132028286455,0.086657227567522,0.0,0.0,0.0,0.0
213,003-149-126-851-754,0.0,0.0,0.0,0.0,0.0,0.0,0.0,0.0,0.0,0.0,0.0,0.0,0.0,0.07322590276773569,0.03424522999747397,0.02963579818988457,0.0,0.0,0.0,0.0
214,025-832-836-773-820,0.0,0.0,0.0,0.0,0.0,0.0,0.0,0.0,0.0,0.0,0.0,0.0,0.0,0.04238261982482379,0.010366934564358651,0.07401098231147851,0.0,0.0,0.0,0.0
215,038-737-526-962-518,0.0,0.0,0.0,0.0,0.0,0.0,0.0,0.0,0.0,0.0,0.0,0.0,0.0,0.06298755451156436,0.02205076984912865,0.04566009784027959,0.0,0.0,0.0,0.0
216,042-401-029-005-536,0.0,0.0,0.0,0.0,0.0,0.0,0.0,0.0,0.0,0.0,0.0,0.0,0.0,0.05214470232867293,0.019715989938987207,0.013392240671913077,0.0,0.0,0.0,0.0
217,046-846-411-960-590,0.0,0.0,0.0,0.0,0.0,0.0,0.0,0.0,0.0,0.0,0.0,0.0,0.0,0.02710334169135563,0.004435472955374731,0.03513409474510269,0.0,0.0,0.0,0.0
218,048-127-750-639-998,0.0,0.0,0.0,0.0,0.0,0.0,0.0,0.0,0.0,0.0,0.0,0.0,0.0,0.05499731006011016,0.025543565909289554,0.050324230377589124,0.0,0.0,0.0,0.0
219,051-455-719-730-276,0.0,0.0,0.0,0.0,0.0,0.0,0.0,0.0,0.0,0.0,0.0,0.0,0.0,0.0,0.0,0.005244464340751586,0.0,0.0,0.0,0.0
220,061-894-521-034-918,0.0,0.0,0.0,0.0,0.0,0.0,0.0,0.0,0.0,0.0,0.0,0.0,0.0,0.036225939961112404,0.035530833259991415,0.017631613814516778,0.0,0.0,0.0,0.0
221,093-639-455-889-549,0.0,0.0,0.0,0.0,0.0,0.0,0.0,0.0,0.0,0.0,0.0,0.0,0.0,0.01065040388361806,0.016456777529915128,0.023675002614583884,0.0,0.0,0.0,0.0
222,114-610-700-517-329,0.0,0.0,0.0,0.0,0.0,0.0,0.0,0.0,0.0,0.0,0.0,0.0,0.0,0.045471329359062646,0.04268504724687048,0.031158130937414916,0.0,0.0,0.0,0.0
223,119-828-100-009-826,0.0,0.0,0.0,0.0,0.0,0.0,0.0,0.0,0.0,0.0,0.0,0.0,0.0,0.0699216076631847,0.015148155366834474,0.021460930226002536,0.0,0.0,0.0,0.0
224,120-820-618-313-83X,0.0,0.0,0.0,0.0,0.0,0.0,0.0,0.0,0.0,0.0,0.0,0.0,0.0,0.01495848550210937,0.007965717811310506,0.001219465674068213,0.0,0.0,0.0,0.0
225,123-112-711-908-995,0.0,0.0,0.0,0.0,0.0,0.0,0.0,0.0,0.0,0.0,0.0,0.0,0.0,0.013100844189171571,0.00711585185172908,0.045958770183708246,0.0,0.0,0.0,0.0
226,124-748-119-715-692,0.0,0.0,0.0,0.0,0.0,0.0,0.0,0.0,0.0,0.0,0.0,0.0,0.0,0.024927746851423786,0.005023132891837808,0.03300003219282546,0.0,0.0,0.0,0.0
227,132-693-568-339-041,0.0,0.0,0.0,0.0,0.0,0.0,0.0,0.0,0.0,0.0,0.0,0.0,0.0,0.012815889828552859,0.0029611552715823226,0.04100805188376606,0.0,0.0,0.0,0.0
228,139-415-373-727-671,0.0,0.0,0.0,0.0,0.0,0.0,0.0,0.0,0.0,0.0,0.0,0.0,0.0,0.026806151525221655,0.015392216005506915,0.07130663565199492,0.0,0.0,0.0,0.0
229,152-347-604-820-830,0.0,0.0,0.0,0.0,0.0,0.0,0.0,0.0,0.0,0.0,0.0,0.0,0.0,0.056019466251814504,0.025144911509849044,0.06693094446929312,0.0,0.0,0.0,0.0
230,164-013-219-239-121,0.0,0.0,0.0,0.0,0.0,0.0,0.0,0.0,0.0,0.0,0.0,0.0,0.0,0.05231300962033285,0.039180515798225915,0.041004715788120844,0.0,0.0,0.0,0.0
231,169-888-128-565-929,0.0,0.0,0.0,0.0,0.0,0.0,0.0,0.0,0.0,0.0,0.0,0.0,0.0,0.007097133079166309,0.0,0.009412121020102521,0.0,0.0,0.0,0.0
232,173-631-094-662-915,0.0,0.0,0.0,0.0,0.0,0.0,0.0,0.0,0.0,0.0,0.0,0.0,0.0,0.03189454898005495,0.01865645487200296,0.10368708716675243,0.0,0.0,0.0,0.0
233,183-733-118-359-209,0.0,0.0,0.0,0.0,0.0,0.0,0.0,0.0,0.0,0.0,0.0,0.0,0.0,0.0,0.0,0.020794849907554314,0.0,0.0,0.0,0.0
234,191-464-698-912-126,0.0,0.0,0.0,0.0,0.0,0.0,0.0,0.0,0.0,0.0,0.0,0.0,0.0,0.05088454281187575,0.006491687023995279,0.0501404424796843,0.0,0.0,0.0,0.0
235,002-908-019-710-006,0.0,0.0,0.0,0.0,0.0,0.0,0.0,0.0,0.0,0.0,0.0,0.0,0.0,0.0,0.0,0.0,0.016673262511810123,0.03685498008983885,0.022805261128855538,0.0
236,005-477-590-821-001,0.0,0.0,0.0,0.0,0.0,0.0,0.0,0.0,0.0,0.0,0.0,0.0,0.0,0.0,0.0,0.0,0.06275841546720258,0.05970505125244495,0.013918518131842071,0.0
237,018-426-685-841-728,0.0,0.0,0.0,0.0,0.0,0.0,0.0,0.0,0.0,0.0,0.0,0.0,0.0,0.0,0.0,0.0,0.031089608570125313,0.026191250596010206,0.01759923839079354,0.0
238,019-135-892-010-245,0.0,0.0,0.0,0.0,0.0,0.0,0.0,0.0,0.0,0.0,0.0,0.0,0.0,0.0,0.0,0.0,0.027105267046911817,0.0077512663042957584,0.021330648512907134,0.0
239,026-982-172-464-821,0.0,0.0,0.0,0.0,0.0,0.0,0.0,0.0,0.0,0.0,0.0,0.0,0.0,0.0,0.0,0.0,0.01944996452678748,0.051708123200000636,0.01964487499905974,0.0
240,030-902-854-635-052,0.0,0.0,0.0,0.0,0.0,0.0,0.0,0.0,0.0,0.0,0.0,0.0,0.0,0.0,0.0,0.0,0.04199661971022531,0.023247509004992513,0.0,0.0
241,044-023-593-835-730,0.0,0.0,0.0,0.0,0.0,0.0,0.0,0.0,0.0,0.0,0.0,0.0,0.0,0.0,0.0,0.0,0.04946987377754533,0.015270843307521998,0.0261701380229577,0.0
242,050-418-334-813-530,0.0,0.0,0.0,0.0,0.0,0.0,0.0,0.0,0.0,0.0,0.0,0.0,0.0,0.0,0.0,0.0,0.0009330390036295876,0.05863703738126283,0.035997071784874816,0.0
243,054-076-780-075-898,0.0,0.0,0.0,0.0,0.0,0.0,0.0,0.0,0.0,0.0,0.0,0.0,0.0,0.0,0.0,0.0,0.015098143132378049,0.03943448049788068,0.007869833823313624,0.0
244,054-305-338-343-34X,0.0,0.0,0.0,0.0,0.0,0.0,0.0,0.0,0.0,0.0,0.0,0.0,0.0,0.0,0.0,0.0,0.04949207634815457,0.030976175486631306,0.012164418768883592,0.0
245,056-146-827-136-55X,0.0,0.0,0.0,0.0,0.0,0.0,0.0,0.0,0.0,0.0,0.0,0.0,0.0,0.0,0.0,0.0,0.007518885796784686,0.004043847456119942,0.0,0.0
246,056-414-859-740-557,0.0,0.0,0.0,0.0,0.0,0.0,0.0,0.0,0.0,0.0,0.0,0.0,0.0,0.0,0.0,0.0,0.026037573203965672,0.03977290748251282,0.0,0.0
247,057-197-413-657-247,0.0,0.0,0.0,0.0,0.0,0.0,0.0,0.0,0.0,0.0,0.0,0.0,0.0,0.0,0.0,0.0,0.046295682017312045,0.017119629352368222,0.0014345867736709884,0.0
248,057-453-531-906-267,0.0,0.0,0.0,0.0,0.0,0.0,0.0,0.0,0.0,0.0,0.0,0.0,0.0,0.0,0.0,0.0,0.021469233769740973,0.021666993818158745,0.07033218236802886,0.0
249,062-086-201-884-316,0.0,0.0,0.0,0.0,0.0,0.0,0.0,0.0,0.0,0.0,0.0,0.0,0.0,0.0,0.0,0.0,0.03704071687053292,0.054536938202263886,0.030170695434441105,0.0
250,062-724-086-574-032,0.0,0.0,0.0,0.0,0.0,0.0,0.0,0.0,0.0,0.0,0.0,0.0,0.0,0.0,0.0,0.0,0.019891207965217515,0.0435558216873632,0.019974916730511695,0.0
251,064-432-781-825-17X,0.0,0.0,0.0,0.0,0.0,0.0,0.0,0.0,0.0,0.0,0.0,0.0,0.0,0.0,0.0,0.0,0.0,0.0,0.061034019880419586,0.0
252,064-751-648-054-001,0.0,0.0,0.0,0.0,0.0,0.0,0.0,0.0,0.0,0.0,0.0,0.0,0.0,0.0,0.0,0.0,0.039775115886165405,0.0,0.012134461117164375,0.0
253,068-575-306-450-958,0.0,0.0,0.0,0.0,0.0,0.0,0.0,0.0,0.0,0.0,0.0,0.0,0.0,0.0,0.0,0.0,0.03914602488040966,0.017340437195130516,0.01531701053435404,0.0
254,074-500-461-363-345,0.0,0.0,0.0,0.0,0.0,0.0,0.0,0.0,0.0,0.0,0.0,0.0,0.0,0.0,0.0,0.0,0.046303421302395634,0.06557855450595429,0.018314701034911673,0.0
255,076-882-748-116-316,0.0,0.0,0.0,0.0,0.0,0.0,0.0,0.0,0.0,0.0,0.0,0.0,0.0,0.0,0.0,0.0,0.04686539517382799,0.04926829937086466,0.018216188272789757,0.0
256,080-752-452-284-07X,0.0,0.0,0.0,0.0,0.0,0.0,0.0,0.0,0.0,0.0,0.0,0.0,0.0,0.0,0.0,0.0,0.0045507885152413175,0.011842149720395774,0.004967184291732261,0.0
257,087-931-774-679-603,0.0,0.0,0.0,0.0,0.0,0.0,0.0,0.0,0.0,0.0,0.0,0.0,0.0,0.0,0.0,0.0,0.02706953943880732,0.009328822719507466,0.01593044149691865,0.0
258,108-795-741-054-873,0.0,0.0,0.0,0.0,0.0,0.0,0.0,0.0,0.0,0.0,0.0,0.0,0.0,0.0,0.0,0.0,0.016737025948821573,0.010135750217992293,0.0072529438978553564,0.0
259,117-110-543-208-845,0.0,0.0,0.0,0.0,0.0,0.0,0.0,0.0,0.0,0.0,0.0,0.0,0.0,0.0,0.0,0.0,0.04105511092722733,0.02669140893424181,0.035942495654790324,0.0
260,122-817-336-993-887,0.0,0.0,0.0,0.0,0.0,0.0,0.0,0.0,0.0,0.0,0.0,0.0,0.0,0.0,0.0,0.0,0.01703141369846675,0.02590987289247823,0.0,0.0
261,134-995-876-286-996,0.0,0.0,0.0,0.0,0.0,0.0,0.0,0.0,0.0,0.0,0.0,0.0,0.0,0.0,0.0,0.0,0.032371912876261726,0.026839497186415814,0.001030392085475727,0.0
262,135-471-224-323-287,0.0,0.0,0.0,0.0,0.0,0.0,0.0,0.0,0.0,0.0,0.0,0.0,0.0,0.0,0.0,0.0,0.05616306618121018,0.0018915646743592385,0.0008510012683648058,0.0
263,138-259-316-198-621,0.0,0.0,0.0,0.0,0.0,0.0,0.0,0.0,0.0,0.0,0.0,0.0,0.0,0.0,0.0,0.0,0.027006748035797605,0.01071628764868179,0.005392498834789205,0.0
264,146-362-763-625-758,0.0,0.0,0.0,0.0,0.0,0.0,0.0,0.0,0.0,0.0,0.0,0.0,0.0,0.0,0.0,0.0,0.022835783016732697,0.03675724924557217,0.0,0.0
265,170-177-625-955-412,0.0,0.0,0.0,0.0,0.0,0.0,0.0,0.0,0.0,0.0,0.0,0.0,0.0,0.0,0.0,0.0,0.025933799028944392,0.011927090250612617,0.001228237032686805,0.0
266,182-499-359-463-219,0.0,0.0,0.0,0.0,0.0,0.0,0.0,0.0,0.0,0.0,0.0,0.0,0.0,0.0,0.0,0.0,0.060129815245624975,0.042954800150560773,0.03078219968632362,0.0
267,185-129-272-793-400,0.0,0.0,0.0,0.0,0.0,0.0,0.0,0.0,0.0,0.0,0.0,0.0,0.0,0.0,0.0,0.0,0.045257651519525745,0.03324367934400681,0.00116179893905856,0.0
268,012-309-807-113-075,0.0,0.0,0.0,0.0,0.0,0.0,0.0,0.0,0.0,0.0,0.0,0.0,0.0,0.0,0.0,0.0,0.0,0.0,0.0,0.7896179149316201
269,028-844-316-983-354,0.0,0.0,0.0,0.0,0.0,0.0,0.0,0.0,0.0,0.0,0.0,0.0,0.0,0.0,0.0,0.0,0.0,0.0,0.0,0.10961461900971745
270,039-211-082-250-412,0.0,0.0,0.0,0.0,0.0,0.0,0.0,0.0,0.0,0.0,0.0,0.0,0.0,0.0,0.0,0.0,0.0,0.0,0.0,0.5861130518002289
271,045-139-449-368-358,0.0,0.0,0.0,0.0,0.0,0.0,0.0,0.0,0.0,0.0,0.0,0.0,0.0,0.0,0.0,0.0,0.0,0.0,0.0,0.28172083800145076
272,053-639-636-683-581,0.0,0.0,0.0,0.0,0.0,0.0,0.0,0.0,0.0,0.0,0.0,0.0,0.0,0.0,0.0,0.0,0.0,0.0,0.0,0.0
273,059-445-824-916-322,0.0,0.0,0.0,0.0,0.0,0.0,0.0,0.0,0.0,0.0,0.0,0.0,0.0,0.0,0.0,0.0,0.0,0.0,0.0,0.8886044760924965
274,078-470-148-980-604,0.0,0.0,0.0,0.0,0.0,0.0,0.0,0.0,0.0,0.0,0.0,0.0,0.0,0.0,0.0,0.0,0.0,0.0,0.0,0.0
275,100-758-379-277-21X,0.0,0.0,0.0,0.0,0.0,0.0,0.0,0.0,0.0,0.0,0.0,0.0,0.0,0.0,0.0,0.0,0.0,0.0,0.0,0.5861130518002289
276,104-626-130-571-406,0.0,0.0,0.0,0.0,0.0,0.0,0.0,0.0,0.0,0.0,0.0,0.0,0.0,0.0,0.0,0.0,0.0,0.0,0.0,0.9089474099913086
277,105-100-051-441-427,0.0,0.0,0.0,0.0,0.0,0.0,0.0,0.0,0.0,0.0,0.0,0.0,0.0,0.0,0.0,0.0,0.0,0.0,0.0,0.0
278,114-672-389-593-030,0.0,0.0,0.0,0.0,0.0,0.0,0.0,0.0,0.0,0.0,0.0,0.0,0.0,0.0,0.0,0.0,0.0,0.0,0.0,0.04655777744466505
279,122-790-951-486-150,0.0,0.0,0.0,0.0,0.0,0.0,0.0,0.0,0.0,0.0,0.0,0.0,0.0,0.0,0.0,0.0,0.0,0.0,0.0,0.05747966154316352
280,127-475-456-358-110,0.0,0.0,0.0,0.0,0.0,0.0,0.0,0.0,0.0,0.0,0.0,0.0,0.0,0.0,0.0,0.0,0.0,0.0,0.0,0.12668436902424074
281,129-504-756-103-235,0.0,0.0,0.0,0.0,0.0,0.0,0.0,0.0,0.0,0.0,0.0,0.0,0.0,0.0,0.0,0.0,0.0,0.0,0.0,0.052962916367599526
282,130-345-560-495-003,0.0,0.0,0.0,0.0,0.0,0.0,0.0,0.0,0.0,0.0,0.0,0.0,0.0,0.0,0.0,0.0,0.0,0.0,0.0,0.6123797476847906
283,166-898-814-966-01X,0.0,0.0,0.0,0.0,0.0,0.0,0.0,0.0,0.0,0.0,0.0,0.0,0.0,0.0,0.0,0.0,0.0,0.0,0.0,0.0690580734730358
284,176-234-799-872-074,0.0,0.0,0.0,0.0,0.0,0.0,0.0,0.0,0.0,0.0,0.0,0.0,0.0,0.0,0.0,0.0,0.0,0.0,0.0,0.12107822137211001
